Filter #,Cruise,Sample_ID,BIOREP_OF,DATE (YYYYMMDD),GMT-,LINE START,STATION START,STATION_ID_START,TIME START,LAT START,LONG START,LINE END,STATION END,STATION_ID_END,DATE_END,TIME END,LAT END,LONG END ,VOLUME FILTERED (L),SAMPLE TYPE,SAMPLE DESCRIPTION,INSHORE.OFFSHORE,Technician,Biological_notes,Technical_notes,Seafood_served,CTD Cast #,CTD Cast Time (HH:MM),CTD Time At Depth (HH:MM),Bottle_num,Depth (m),Storage box,Storage location,Cut_filter_storage_location
F001,SH2607,SH2607_F001,,20260629,7,93.3,26.7,93.3-26.7,23:58,33.1610,-117.4824,93.3,28.0,93.3-28,20260630,00:34,33.2406,-117.4697,18.25,MOSAIC-B,last hour,ONSHORE,EGC,,"used bottom screen for lat lon, weird format","Cod (prior day dinner), swai (lunch)",,,,,5,1,,
F002,SH2607,SH2607_F002,,20260630,7,93.3,28.0,93.3-28,00:48,33.2382,-117.4679,93.3,28.0,93.3-28,20260630,01:26,33.1914,117.5044,8.5,MOSAIC-E,on station,ONSHORE,EGC,,,"Cod (prior day dinner), swai (lunch)",,,,,5,1,,
F003,SH2607,SH2607_F003,,20260630,7,93.3,28.0,93.3-28,01:32,33.1757,117.5119,93.3,30.0,93.3-30,20260630,02:26,33.0277,117.5103,19,MOSAIC-B,first hour,ONSHORE,EGC,,,"Cod (prior day dinner), swai (lunch)",,,,,5,1,,
F004,SH2607,SH2607_F004,,20260630,7,93.3,28.0,93.3-28,02:34,33.0004,117.5104,93.3,30.0,93.3-30,20260630,03:38,32.8447,117.5337,25,MOSAIC-B,last hour,ONSHORE,EGC,,,"Cod (prior day dinner), swai (lunch)",,,,,5,1,,
F005,SH2607,SH2607_F005,,20260630,7,93.3,30.0,93.3-30,03:47,32.8454,117.5353,93.3,30.0,93.3-30,20260630,04:09,32.8444,117.5373,19.5,MOSAIC-E,on station,ONSHORE,EGC,,,"Cod (prior day dinner), swai (lunch)",,,,,5,1,,
F006,SH2607,SH2607_F006,,20260630,7,93.3,30.0,93.3-30,05:09,32.8503,117.5551,93.3,35.0,93.3-35,20260630,06:04,32.7675,117.7080,12.25,MOSAIC-B,first hour,ONSHORE,EGC,,lat lon image blurry,"Cod (prior day dinner), swai (lunch)",,,,,5,1,,
F007,SH2607,SH2607_F007,,20260630,7,93.3,30.0,93.3-30,06:11,32.7571,117.7268,93.3,35.0,93.3-35,20260630,07:07,32.6792,117.8736,20,MOSAIC-B,last hour,ONSHORE,EGC,dolphins sighted,,"Cod (prior day dinner), swai (lunch)",,,,,5,1,,
F008,SH2607,SH2607_F008,,20260630,7,93.3,35.0,93.3-35,07:14,32.6802,117.8746,93.3,35.0,93.3-35,20260630,07:30,32.6800,117.8751,19.5,MOSAIC-E,on station,ONSHORE,EGC,,,"Cod (prior day dinner), swai (lunch)",,,,,5,1,,
F009,SH2607,SH2607_F009,,20260630,7,93.3,35.0,93.3-35,08:47,32.6737,117.8907,93.3,40.0,93.3-40,20260630,09:55,32.5811,118.0749,18.5,MOSAIC-B,first hour,ONSHORE,EGC,unidentified large whale sighted,"gust of wind blew shop towel, may have touched the filter. shop towel now more secure + talked to ben about when i can close the door to the CTD deck. accidentally UV'd closed tubes with filters inside for <1s.","Cod (prior day dinner), swai (lunch)",,,,,5,1,,
F010,SH2607,SH2607_F010,,20260630,7,93.3,35.0,93.3-35,10:04,32.5674,118.1019,93.3,40.0,93.3-40,20260630,10:46,32.5141,118.2127,16,MOSAIC-B,last hour,ONSHORE,EGC,,cryovial half (folded) touched labcoat sleeve,"Cod (prior day dinner), swai (lunch)",,,,,5,1,,
F011,SH2607,SH2607_F011,,20260630,7,93.3,40.0,93.3-40,10:51,32.5124,118.2140,93.3,40.0,93.3-40,20260630,11:01,32.5109,118.2146,20,MOSAIC-E,on station,ONSHORE,EGC,,,"Cod (prior day dinner), swai (lunch)",,,,,5,1,,
F012,SH2607,SH2607_F012,,20260701,7,93.3,55.0,93.3-55,00:20,31.9347,119.3923,93.3,60.0,93.3-60,20260701,01:24,31.8458,119.5728,30.25,MOSAIC-B,full transect,ONSHORE,EGC,,,Cod (lunch),,,,,5,1,,
F013,SH2607,SH2607_F013,,20260701,7,93.3,60.0,93.3-60,01:31,31.8444,119.5752,93.3,60.0,93.3-60,20260701,01:50,31.8417,119.5814,20,MOSAIC-E,on station,OFFSHORE,EGC,,,Cod (lunch),,,,,5,1,,
F014,SH2607,SH2607_F014,,20260701,7,93.3,60.0,93.3-60,02:51,31.8409,119.6081,93.3,70.0,93.3-70,20260701,04:02,31.7210,119.8239,24,MOSAIC-B,first hour,OFFSHORE,EGC,,,Cod (lunch),,,,,5,1,,
F015,SH2607,SH2607_F015,,20260701,7,93.3,60.0,93.3-60,04:08,31.7095,119.8472,93.3,70.0,93.3-70,20260701,05:35,31.5842,120.1005,22,MOSAIC-B,second hour,OFFSHORE,EGC,,,Cod (lunch),,,,,5,1,,
F016,SH2607,SH2607_F016,,20260701,7,93.3,60.0,93.3-60,05:42,31.5725,120.1229,93.3,70.0,93.3-70,20260701,06:45,31.5111,120.2477,16.25,MOSAIC-B,last hour,OFFSHORE,EGC,,includes a bit of on station sampling,Cod (lunch),,,,,5,1,,
F017,SH2607,SH2607_F017,,20260701,7,93.3,70.0,93.3-70,06:55,31.5102,120.2486,93.3,70.0,93.3-70,20260701,07:15,31.5084,120.2504,20.5,MOSAIC-E,on station,OFFSHORE,EGC,,attached filter holder to the wrong tube initially and the tube sprayed water everywhere,Cod (lunch),,,,,5,1,,
F018,SH2607,SH2607_F018,,20260701,7,93.3,70.0,93.3-70,08:00,31.5059,120.2668,93.3,80.0,93.3-80,20260701,09:00,31.4192,120.4355,20.5,MOSAIC-B,first hour,OFFSHORE,EGC,,,Cod (lunch),,,,,5,1,,
F019,SH2607,SH2607_F019,,20260701,7,93.3,70.0,93.3-70,09:06,31.4071,120.4600,93.3,80.0,93.3-80,20260701,10:03,31.3308,120.6138,20.5,MOSAIC-B,second hour,OFFSHORE,EGC,,,Cod (lunch),,,,,5,1,,
F020,SH2607,SH2607_F020,,20260701,7,93.3,70.0,93.3-70,10:08,31.3150,120.6468,93.3,80.0,93.3-80,20260701,10:56,31.2527,120.7719,23.5,MOSAIC-B,third hour,OFFSHORE,EGC,,,Cod (lunch),,,,,5,1,,
F021,SH2607,SH2607_F021,,20260701,7,93.3,70.0,93.3-70,11:02,31.2391,120.7999,93.3,80.0,93.3-80,20260701,11:59,31.1772,120.9211,28.5,MOSAIC-B,fourth hour,OFFSHORE,EGC,,end coordinates photo blurry,Cod (lunch),,,,,5,1,,
F022,SH2607,SH2607_F022,,20260702,7,93.3,100.0,93.3-100,00:02,30.5141,122.2670,93.3,80.0,93.3-80,20260702,00:21,30.5175,122.2754,20,MOSAIC-E,on station,OFFSHORE,EGC,,"water pressure in underway tap higher than yesterday, carboy overflowed after 10min so volume is approximate",Shrimp (prior day dinner),,,,,5,1,,
F023,SH2607,SH2607_F023,,20260702,7,93.3,100.0,93.3-100,0:54,30.5216,122.2841,93.3,110.0,93.3-110,20260702,01:53,30.4200,122.4503,17.25,MOSAIC-B,first hour,OFFSHORE,EGC,,,Shrimp (prior day dinner),,,,,5,1,,
F024,SH2607,SH2607_F024,,20260702,7,93.3,100.0,93.3-100,01:53,30.4200,122.4503,93.3,110.0,93.3-110,20260702,03:26,30.2807,122.7215,41.5,MOSAIC-B,second hour,OFFSHORE,EGC,,"start time approximate, coordinates from end of previous hourly",Shrimp (prior day dinner),,,,,5,1,,
F025,SH2607,SH2607_F025,,20260702,7,93.3,100.0,93.3-100,03:26,30.2807,122.7215,93.3,110.0,93.3-110,20260702,04:37,30.1807,122.9211,27.75,MOSAIC-B,last hour,OFFSHORE,EGC,,,Shrimp (prior day dinner),,,,,5,1,,
F026,SH2607,SH2607_F026,,20260702,7,93.3,110.0,93.3-110,04:42,30.1800,122.9222,93.3,110.0,93.3-110,20260702,05:00,30.1796,122.9230,22.5,MOSAIC-E,on station,OFFSHORE,EGC,,end time approximate,Shrimp (prior day dinner),,,,,5,1,,
F027,SH2607,SH2607_F027,,20260702,7,93.3,110.0,93.3-110,06:13,30.1854,122.9340,93.3,120.0,93.3-120,20260702,07:33,30.0555,123.1703,29,MOSAIC-B,first hour,OFFSHORE,EGC,,,Shrimp (prior day dinner),,,,,5,1,,
F028,SH2607,SH2607_F028,,20260702,7,93.3,110.0,93.3-110,07:40,30.0453,123.1910,93.3,120.0,93.3-120,20260702,08:41,29.9551,123.3702,36.25,MOSAIC-B,second hour,OFFSHORE,EGC,,,Shrimp (prior day dinner),,,,,5,1,,
F029,SH2607,SH2607_F029,,20260702,7,93.3,110.0,93.3-110,08:47,29.9451,123.3904,93.3,120.0,93.3-120,20260702,09:56,29.8461,123.5862,28.75,MOSAIC-B,last hour,OFFSHORE,EGC,,,Shrimp (prior day dinner),,,,,5,1,,
F030,SH2607,SH2607_F030,,20260702,7,93.3,120.0,93.3-120,10:02,29.8466,123.5871,93.3,120.0,93.3-120,20260702,10:14,29.8461,123.5879,28.5,MOSAIC-E,on station,OFFSHORE,EGC,,,Shrimp (prior day dinner),,,,,5,1,,
F031,SH2607,SH2607_F031,,20260702,7,93.3,120.0,93.3-120,11:43,29.8711,123.6071,90.0,120.0,90-120,20260702,12:44,30.0083,-123.7033,12,MOSAIC-B,first hour,OFFSHORE,EGC/Josie Adams,,"Josie the CalCOFI tech finished the sample, so this one is in bag 2 (uncut)",Shrimp (prior day dinner),,,,,5,2,,
F032,SH2607,SH2607_F032,,20260703,7,90.0,110.0,90-110,00:42,30.7620,123.3515,90.0,110.0,90-110,20260703,00:52,30.7638,123.3538,18.75,MOSAIC-E,on station,OFFSHORE,EGC,,tube popped off the swinnex and an unknown quantity of seawater went down the drain. done at end of station instead of beginning.,,,,,,5,1,,
F033,SH2607,SH2607_F033,,20260703,7,90.0,110.0,90-110,01:02,30.7652,123.3524,90.0,100.0,90-100,20260703,02:02,30.8426,123.1793,18.5,MOSAIC-B,first hour,OFFSHORE,EGC,,,,,,,,5,1,,
F034,SH2607,SH2607_F034,,20260703,7,90.0,110.0,90-110,02:07,30.8496,123.1634,90.0,100.0,90-100,20260703,03:01,30.9183,123.0000,19.25,MOSAIC-B,second hour,OFFSHORE,EGC,,,,,,,,5,1,,
F035,SH2607,SH2607_F035,,20260703,7,90.0,110.0,90-110,03:11,30.9301,122.9731,90.0,100.0,90-100,20260703,04:03,31.0058,122.8202,17,MOSAIC-B,third hour,OFFSHORE,EGC,,"tube popped out, looks like approx 3 liters went into drip bucket",,,,,,5,1,,
F036,SH2607,SH2607_F036,,20260703,7,90.0,110.0,90-110,04:10,31.0165,122.7976,90.0,100.0,90-100,20260703,05:01,31.0846,122.6600,19.75,MOSAIC-B,last hour,OFFSHORE,EGC,,,,,,,,5,1,,
F037,SH2607,SH2607_F037,,20260703,7,90.0,100.0,90-100,05:08,31.0850,122.6603,90.0,110.0,90-110,20260703,05:23,31.0847,122.6603,19.5,MOSAIC-E,on station,OFFSHORE,EGC,,,,,,,,5,1,,
F038,SH2607,SH2607_F038,,20260703,7,90.0,100.0,90-100,07:13,31.1000,122.6719,90.0,90.0,90-90,20260703,08:29,31.1981,122.4341,49.5,MOSAIC-B,first hour,OFFSHORE,EGC,,,,,,,,5,1,,
F039,SH2607,SH2607_F039,,20260703,7,90.0,100.0,90-100,08:35,31.2094,122.4102,90.0,90.0,90-90,20260703,09:50,31.3164,122.1941,33.5,MOSAIC-B,second hour,OFFSHORE,EGC,sperm whales pretty close off port side,,,,,,,5,1,,
F040,SH2607,SH2607_F040,,20260703,7,NA,NA,NA-NA,08:46,31.2094,122.4102,NA,NA,NA-NA,20260703,09:25,31.2094,122.4102,3,NEG,negative control,OFFSHORE,EGC,,"wiped tubes for peristaltic pump with shop towel, then ran DI water through them for a few minutes before attaching swinnex ",,,,,,NA,1,,
F041,SH2607,SH2607_F041,,20260703,7,90.0,100.0,90-100,09:54,31.3283,122.1717,90.0,90.0,90-90,20260703,11:01,31.4194,121.9842,36,MOSAIC-B,last hour,OFFSHORE,EGC,,,,,,,,5,1,,
F042,SH2607,SH2607_F042,,20260703,7,90.0,90.0,90-90,11:08,31.4203,121.9856,90.0,90.0,90-90,20260703,11:15,31.4203,121.9856,19.5,MOSAIC-E,on station,OFFSHORE,EGC,,"end coordinates approximate, forgot to take photo",,,,,,5,1,,
F043,SH2607,SH2607_F043,,20260704,7,90.0,70.0,90-70,00:28,32.0777,120.6506,90.0,70.0,90-70,20260704,00:35,32.0777,120.6527,21.5,MOSAIC-E,on station,OFFSHORE,EGC,,end of station. dropped swinnex in drip bucket.,,,,,,5,1,,
F044,SH2607,SH2607_F044,,20260704,7,90.0,70.0,90-70,01:27,32.0844,120.6700,90.0,60.0,90-60,20260704,02:33,32.1646,120.4836,38.5,MOSAIC-B,first hour,OFFSHORE,EGC,,,,,,,,5,1,,
F045,SH2607,SH2607_F045,,20260704,7,90.0,70.0,90-70,02:42,32.1799,120.4501,90.0,60.0,90-60,20260704,03:44,32.2593,120.2823,30.25,MOSAIC-B,second hour,OFFSHORE,EGC,,,,,,,,5,1,,
F046,SH2607,SH2607_F046,,20260704,7,90.0,70.0,90-70,03:52,32.2712,120.2586,90.0,60.0,90-60,20260704,04:52,32.3535,120.0910,28,MOSAIC-B,third hour,OFFSHORE,EGC,,,,,,,,5,1,,
F047,SH2607,SH2607_F047,,20260704,7,90.0,70.0,90-70,04:53,32.3535,120.0910,90.0,60.0,90-60,20260704,05:44,32.4187,119.9557,13,MOSAIC-B,last hour,OFFSHORE,EGC,,,,,,,,5,1,,
F048,SH2607,SH2607_F048,,20260704,7,90.0,60.0,90-60,05:50,32.4187,119.9557,90.0,60.0,90-60,20260704,06:10,32.4181,119.9568,20.75,MOSAIC-E,on station,OFFSHORE,EGC,,start coordinates approximate from end of previous sample,,,,,,5,1,,
F049,SH2607,SH2607_F049,,20260704,7,90.0,60.0,90-60,07:42,32.4296,119.9684,90.0,53.0,90-53,20260704,08:59,32.5307,119.7289,24.25,MOSAIC-B,first hour,OFFSHORE,EGC,,,,,,,,5,1,,
F050,SH2607,SH2607_F050,,20260704,7,90.0,60.0,90-60,09:00,32.5307,119.7289,90.0,53.0,90-53,20260704,10:23,32.6505,119.4742,17.25,MOSAIC-B,last hour,OFFSHORE,EGC,,dropped swinnex in drip bucket,,,,,,5,1,,
F051,SH2607,SH2607_F051,,20260704,7,90.0,53.0,90-53,10:23,32.6505,119.4742,90.0,53.0,90-53,20260704,10:42,32.6509,119.4747,32,MOSAIC-E,on station ,ONSHORE,EGC,,,,,,,,5,1,,
F052,SH2607,SH2607_F052,,20260705,7,90.0,35.0,90-35,00:57,33.2512,118.2503,90.0,35.0,90-35,20260705,01:10,33.2512,118.2503,19.75,MOSAIC-E,on station,ONSHORE,EGC,,"end time is very approximate and end coordinates are copied from start coordinates, because the sink tube popped off the underway faucet and i had to go report that to engineering right after processing the filter so i forgot to take the end time + coordinates in the shuffle.",,,,,,5,1,,
F053,SH2607,SH2607_F053,,20260705,7,90.0,35.0,90-35,02:50,33.2418,118.2651,90.0,30.0,90-30,20260705,03:52,33.3188,118.0712,24,MOSAIC-B,first hour,ONSHORE,EGC,,,,,,,,5,1,,
F054,SH2607,SH2607_F054,,20260705,7,90.0,35.0,90-35,03:52,33.3188,118.0712,90.0,30.0,90-30,20260705,05:03,33.4173,117.9045,24.5,MOSAIC-B,last hour,ONSHORE,EGC,,"clogged from 3:50-4:30, turned up the tap and flow resumed",,,,,,5,1,,
F055,SH2607,SH2607_F055,,20260705,7,90.0,30.0,90-30,05:14,33.4166,117.9053,90.0,30.0,90-30,20260705,05:20,33.4166,117.9060,20,MOSAIC-E,on station,ONSHORE,EGC,,,,,,,,5,1,,
F056,SH2607,SH2607_F056,,20260705,7,90.0,28.0,90-28,08:04,33.4869,117.7596,90.0,28.0,90-28,20260705,08:38,33.4827,117.7708,13,MOSAIC-E,on station,ONSHORE,EGC,,clogged so i ended sample,,,,,,5,1,,
F057,SH2607,SH2607_F057,,20260705,7,NA,NA,NA-NA,08:14,NA,NA,NA,NA,NA-NA,20260705,08:38,NA,NA,2,NEG,negative control,OFFSHORE,EGC,,"bleached and DI water rinsed tube before control this time, ran DI water through a swinnex filter and processed as normal",,,,,,NA,1,,
F058,SH2607,SH2607_F058,,20260705,7,90.0,27.7,90-27.7,09:40,33.4932,117.7503,90.0,27.7,90-27.7,20260705,09:47,33.4910,117.7517,6.5,MOSAIC-E,on station,ONSHORE,EGC,,clogged so I ended sample,,,,,,5,1,,
F059,SH2607,SH2607_F059,,20260705,7,90.0,27.7,90-27.7,10:21,33.4953,117.7582,88.5,30.1,88.5-30.1,20260705,11:55,33.6181,118.0312,33,MOSAIC-B,,ONSHORE,EGC,,,,,,,,5,1,,
F060,SH2607,SH2607_F060,,20260705,7,88.5,30.1,88.5-30.1,13:30,33.6544,-118.1065,86.8,32.5,86.8-32.5,20260705,14:28,33.6350,-118.2753,21.5,MOSAIC-B,,ONSHORE,NVP,,,,,,,,5,1,,
F061,SH2607,SH2607_F061,,20260705,7,88.5,30.1,88.5-30.1,14:29,33.6350,-118.2753,86.8,32.5,86.8-32.5,20260705,15:29,33.6941,-118.4572,25.5,MOSAIC-B,,ONSHORE,NVP,,,,,,,,5,1,,
F062,SH2607,SH2607_F062,,20260705,7,88.5,30.1,88.5-30.1,15:31,33.6941,-118.4572,86.8,32.5,86.8-32.5,20260705,16:40,33.8845,-118.4421,17.5,MOSAIC-B,,ONSHORE,NVP,,,,,,,,5,1,,
F063,SH2607,SH2607_F063,,20260705,7,86.8,32.5,86.8-32.5,16:51,33.8845,-118.4421,86.8,32.5,86.8-32.5,20260705,17:20,33.8845,-118.4421,10,MOSAIC-E,on station,ONSHORE,NVP,,filtering was slow and we left station before I could get 20 L,,,,,,5,1,,
F064,SH2607,SH2607_F064,,20260705,7,86.7,33.3,86.7-33.3,17:58,33.8835,-118.4827,86.7,33.3,86.7-33.3,20260705,18:43,33.8835,-118.4827,11.5,MOSAIC-E,on station,ONSHORE,NVP,,,,,,,,5,1,,
F065,SH2607,SH2607_F065,,20260705,7,86.7,33.3,86.7-33.3,18:45,33.8833,-118.5146,85.4,35.8,85.4-35.8,20260705,19:45,33.9469,-118.6794,11.75,MOSAIC-B,,ONSHORE,NVP,,,,,,,,5,1,,
F066,SH2607,SH2607_F066,,20260705,7,86.7,33.3,86.7-33.3,19:45,33.9469,-118.6794,85.4,35.8,85.4-35.8,20260705,20:25,33.9908,-118.8179,40,MOSAIC-B,,ONSHORE,NVP,,,,,,,,5,1,,
F067,SH2607,SH2607_F067,,20260705,7,85.4,35.8,85.4-35.8,20:43,34.0094,-118.8356,85.4,35.8,85.4-35.8,20260705,21:23,34.0094,-118.8356,12.5,MOSAIC-E,on station,ONSHORE,NVP,,,,,,,,5,1,,
F068,SH2607,SH2607_F068,,20260705,7,85.4,35.8,85.4-35.8,21:35,33.9873,-118.8254,86.7,35.0,86.7-35,20260705,22:44,33.8441,-118.6555,14.5,MOSAIC-B,,ONSHORE,NVP,,filtering slowed a lot in second half,,,,,,5,1,,
F069,SH2607,SH2607_F069,,20260705,7,86.7,35.0,86.7-35,23:00,33.8441,-118.6555,86.7,35.0,86.7-35,20260705,23:35,33.8441,-118.6555,25.5,MOSAIC-E,,ONSHORE,NVP,,,,,,,,5,1,,
F070,SH2607,SH2607_F070,,20260706,7,86.7,35.0,86.7-35,01:26,33.8127,118.6694,86.7,40.0,86.7-40,20260706,03:19,33.6571,118.9748,15,MOSAIC-B,full transect,ONSHORE,EGC,,,,,,,,5,1,,
F071,SH2607,SH2607_F071,,20260706,7,86.7,40.0,86.7-40,03:19,33.6571,118.9748,86.7,40.0,86.7-40,20260706,03:39,33.6565,118.9746,20,MOSAIC-E,on station,ONSHORE,EGC,,,,,,,,5,1,,
F072,SH2607,SH2607_F072,,20260706,7,86.7,40.0,86.7-40,05:53,33.6282,119.0243,86.7,45.0,86.7-45,20260706,07:38,33.4943,-119.3087,78.5,MOSAIC-B,full transect,ONSHORE,EGC,,"left station at 05:35, coordinates  formatted wrong because lab computer broke",,,,,,5,1,,
F073,SH2607,SH2607_F073,,20260706,7,86.7,45.0,86.7-45,07:49,33.4929,-119.3200,86.7,45.0,86.7-45,20260706,08:01,33.4926,-119.3211,14.5,MOSAIC-E,on station,ONSHORE,EGC,,,,,,,,5,1,,
F074,SH2607,SH2607_F074,,20260706,7,86.7,45.0,86.7-45,09:55,33.4898,119.3611,86.7,50.0,86.7-50,20260706,11:05,33.3954,119.5618,21.75,MOSAIC-B,full transect,ONSHORE,EGC,,,,,,,,5,1,,
F075,SH2607,SH2607_F075,,20260706,7,86.7,50.0,86.7-50,12:07,33.3163,-119.6647,86.7,50.0,86.7-50,20260706,12:34,33.3163,-119.6647,21.5,MOSAIC-E,on station,ONSHORE,NVP,,,,,,,,5,,,
F076,SH2607,SH2607_F076,,20260706,7,86.7,50.0,86.7-50,13:40,33.3163,-119.6647,86.7,55.0,86.7-55,20260706,14:38,33.2512,-119.8713,20,MOSAIC-B,leaving station,ONSHORE,NVP,,,None,,,,,5,,,
F077,SH2607,SH2607_F077,,20260706,7,86.7,50.0,86.7-50,14:40,33.2512,-119.8713,86.7,55.0,86.7-55,20260706,15:22,33.1528,-120.0065,15,MOSAIC-B,,ONSHORE,NVP,,Cryovial tube labeled F079; 5 mL tube correct,None,,,,,5,,,
F078,SH2607,SH2607_F078,,20260706,7,86.7,55.0,86.7-55,15:40,33.1528,-120.0065,86.7,55.0,86.7-55,20260706,16:16,33.1528,-120.0065,23,MOSAIC-E,on station,ONSHORE,NVP,,,None,,,,,5,,,
F079,SH2607,SH2607_F079,,20260706,7,86.7,55.0,86.7-55,17:45,33.1528,-120.0065,86.7,60.0,86.7-60,20260706,18:40,33.0664,-120.1922,23,MOSAIC-B,leaving station,ONSHORE,NVP,,Cryovial tube labeled F077; 5 mL tube correct,None,,,,,5,,,
F080,SH2607,SH2607_F080,,20260706,7,NA,NA,NA-NA,18:28,NA,NA,NA,NA,NA-NA,20260706,18:38,NA,NA,1.5,NEG,negative control,OFFSHORE,NVP,,DI water run as normal through Swinnex,None,,,,,NA,,,
F081,SH2607,SH2607_F081,,20260706,7,86.7,55.0,86.7-55,18:42,33.0664,-120.1922,86.7,60.0,86.7-60,20260706,19:42,32.9883,-120.3467,25,MOSAIC-B,,ONSHORE,NVP,,,None,,,,,5,,,
F082,SH2607,SH2607_F082,,20260706,7,86.7,60.0,86.7-60,19:44,32.9883,-120.3467,86.7,60.0,86.7-60,20260706,20:21,32.9883,-120.3467,21.5,MOSAIC-E,,OFFSHORE,NVP,,,None,,,,,5,,,
F083,SH2607,SH2607_F083,,20260706,7,86.7,60.0,86.7-60,21:44,32.9883,-120.3467,86.7,70.0,86.7-70,20260706,22:40,32.9027,-120.5281,29,MOSAIC-B,,OFFSHORE,NVP,,,,,,,,5,,,
F084,SH2607,SH2607_F084,,20260706,7,86.7,60.0,86.7-60,22:44,32.9027,-120.5281,86.7,70.0,86.7-70,20260706,23:34,32.8229,-120.6909,20,MOSAIC-B,,OFFSHORE,NVP,,,,,,,,5,,,
F085,SH2607,SH2607_F085,,20260706,7,86.7,60.0,86.7-60,23:36,32.8229,-120.6909,86.7,70.0,86.7-70,20260707,00:34,32.7430,120.8560,32.5,MOSAIC-B,,OFFSHORE,NVP/EGC,,,,,,,,5,,,
F086,SH2607,SH2607_F086,,20260707,7,86.7,70.0,86.7-70,00:36,32.7430,120.8560,86.7,70.0,86.7-70,20260707,01:40,32.6574,121.0308,28.25,MOSAIC-E,on station,OFFSHORE,EGC,,,,,,,,5,2,,
F087,SH2607,SH2607_F087,,20260707,7,86.7,70.0,86.7-70,03:25,32.6543,121.0663,86.7,80.0,86.7-80,20260707,04:30,32.5486,121.2585,27,MOSAIC-B,first hour,OFFSHORE,EGC,,,,,,,,5,2,,
F088,SH2607,SH2607_F088,,20260707,7,86.7,70.0,86.7-70,04:38,32.5316,121.2903,86.7,80.0,86.7-80,20260707,06:06,32.4007,121.5551,25.75,MOSAIC-B,second hour,OFFSHORE,EGC,,,,,,,,5,2,,
F089,SH2607,SH2607_F089,,20260707,7,86.7,70.0,86.7-70,06:14,32.3895,121.5779,86.7,80.0,86.7-80,20260707,07:08,32.3163,121.7111,33.25,MOSAIC-B,last hour,OFFSHORE,EGC,,,,,,,,5,2,,
F090,SH2607,SH2607_F090,,20260707,7,86.7,80.0,86.7-80,07:15,32.3173,121.7151,86.7,80.0,86.7-80,20260707,07:27,32.3179,121.7200,20,MOSAIC-E,on station,OFFSHORE,EGC,,,,,,,,5,2,,
F091,SH2607,SH2607_F091,,20260707,7,86.7,80.0,86.7-80,09:27,32.3238,121.7474,86.7,90.0,86.7-90,20260707,10:44,32.2014,121.9652,32.75,MOSAIC-B,first hour,OFFSHORE,EGC,,,,,,,,5,2,,
F092,SH2607,SH2607_F092,,20260707,7,86.7,80.0,86.7-80,10:54,32.1812,122.0029,86.7,90.0,86.7-90,20260707,11:51,32.1031,122.1626,13.75,MOSAIC-B,second hour,OFFSHORE,EGC/NVP,,,,,,,,5,2,,
F093,SH2607,SH2607_F093,,20260707,7,86.7,80.0,86.7-80,12:38,32.0354,-122.2983,86.7,90.0,86.7-90,20260707,13:22,31.9922,-122.3949,20,MOSAIC-B,last hour + station,OFFSHORE,NVP,,The last 20 minutes of this was on station due to unexpected early arrival,,,,,,5,2,,
F094,SH2607,SH2607_F094,,20260707,7,86.7,90.0,86.7-90,15:02,31.9645,-122.4666,86.7,100.0,86.7-100,20260707,16:01,31.8698,-122.6365,21.5,MOSAIC-B,,OFFSHORE,NVP,,,,,,,,5,2,,
F095,SH2607,SH2607_F095,,20260707,7,86.7,90.0,86.7-90,16:03,31.8698,-122.6365,86.7,100.0,86.7-100,20260707,16:52,31.7897,-122.7985,25,MOSAIC-B,,OFFSHORE,NVP,,,,,,,,5,2,,
F096,SH2607,SH2607_F096,,20260707,7,86.7,90.0,86.7-90,16:55,31.7897,-122.7985,86.7,100.0,86.7-100,20260707,18:21,31.6663,-123.0489,12,MOSAIC-B,,OFFSHORE,NVP,,,,,,,,5,2,,
F097,SH2607,SH2607_F097,,20260707,7,86.7,100.0,86.7-100,18:41,31.6536,-123.0773,86.7,100.0,86.7-100,20260707,19:12,31.6536,-123.0773,21.5,MOSAIC-E,,OFFSHORE,NVP,,,,,,,,5,2,,
F098,SH2607,SH2607_F098,,20260707,7,86.7,100.0,86.7-100,20:35,31.6073,-123.1681,86.7,110.0,86.7-110,20260707,21:34,31.5168,-123.3527,17,MOSAIC-B,,OFFSHORE,NVP,,,,,,,,5,2,,
F099,SH2607,SH2607_F099,,20260707,7,86.7,100.0,86.7-100,21:35,31.5168,-123.3527,86.7,110.0,86.7-110,20260707,22:34,31.4241,-123.5395,41,MOSAIC-B,,OFFSHORE,NVP,,,,,,,,5,2,,
F100,SH2607,SH2607_F100,,20260707,7,86.7,100.0,86.7-100,22:35,31.4241,-123.5395,86.7,110.0,86.7-110,20260707,23:45,31.3227,-123.7431,11,MOSAIC-B,,OFFSHORE,NVP,,,,,,,,5,2,,
F101,SH2607,SH2607_F101,,20260707,7,86.7,110.0,86.7-110,23:46,31.3227,-123.7431,86.7,110.0,86.7-110,20260708,00:04,31.3227,-123.7431,21,MOSAIC-E,,OFFSHORE,NVP/EGC,,,,,,,,5,2,,
F102,SH2607,SH2607_F102,,20260708,7,86.7,110.0,86.7-110,01:07,31.3323,123.7604,83.3,110.0,83.3-110,20260708,02:12,31.4744,123.8550,44,MOSAIC-B,first hour,OFFSHORE,EGC,,,,,,,,5,2,,
F103,SH2607,SH2607_F103,,20260708,7,86.7,110.0,86.7-110,02:12,31.4774,123.8550,83.3,110.0,83.3-110,20260708,03:22,31.6422,123.9745,25.75,MOSAIC-B,second hour,OFFSHORE,EGC,,,,,,,,5,2,,
F104,SH2607,SH2607_F104,,20260708,7,86.7,110.0,86.7-110,03:22,31.6422,123.9745,83.3,110.0,83.3-110,20260708,04:30,31.8029,124.0908,30,MOSAIC-B,third hour,OFFSHORE,EGC,,,,,,,,5,2,,
F105,SH2607,SH2607_F105,,20260708,7,86.7,110.0,86.7-110,04:30,31.8029,124.0908,83.3,110.0,83.3-110,20260708,05:14,31.9075,124.1642,24,MOSAIC-B,last hour,OFFSHORE,EGC,,dropped swinnex holder in drip bucket,,,,,,5,2,,
F106,SH2607,SH2607_F106,,20260708,7,83.3,110.0,83.3-110,05:27,31.9138,124.1710,83.3,110.0,83.3-110,20260708,05:36,31.9137,124.1727,15,MOSAIC-E,on station,OFFSHORE,EGC,,,,,,,,5,2,,
F107,SH2607,SH2607_F107,,20260708,7,83.3,110.0,83.3-110,06:46,31.9285,124.1835,83.3,100.0,83.3-100,20260708,07:59,32.0139,123.9749,28.5,MOSAIC-B,first hour,OFFSHORE,EGC,,,,,,,,5,2,,
F108,SH2607,SH2607_F108,,20260708,7,83.3,110.0,83.3-110,08:10,32.0296,123.9350,83.3,100.0,83.3-100,20260708,09:17,32.1172,123.7515,18.25,MOSAIC-B,second hour,OFFSHORE,EGC,,,,,,,,5,2,,
F109,SH2607,SH2607_F109,,20260708,7,83.3,110.0,83.3-110,09:17,32.1172,123.7515,83.3,100.0,83.3-100,20260708,10:52,32.2448,123.4931,17.5,MOSAIC-B,last hour,OFFSHORE,EGC,,,,,,,,5,2,,
F110,SH2607,SH2607_F110,,20260708,7,83.3,100.0,83.3-100,11:30,32.2416,123.5008,83.3,100.0,83.3-100,20260708,11:38,32.2419,123.5023,21.5,MOSAIC-E,on station,OFFSHORE,EGC,,,,,,,,5,2,,
F111,SH2607,SH2607_F111,,20260708,7,83.3,100.0,83.3-100,12:36,32.2496,-123.5128,83.3,90.0,83.3-90,20260708,13:38,32.3220,-123.3334,20,MOSAIC-B,,OFFSHORE,NVP,,,,,,,,5,2,,
F112,SH2607,SH2607_F112,,20260708,7,83.3,100.0,83.3-100,13:39,32.3220,-123.3334,83.3,90.0,83.3-90,20260708,14:39,32.4039,-123.1674,22.5,MOSAIC-B,,OFFSHORE,NVP,Single common dolphin next to boat,,,,,,,5,2,,
F113,SH2607,SH2607_F113,,20260708,7,83.3,100.0,83.3-100,14:39,32.4039,-123.1674,83.3,90.0,83.3-90,20260708,15:39,32.4861,-123.0007,33.5,MOSAIC-B,,OFFSHORE,NVP,,,,,,,,5,2,,
F114,SH2607,SH2607_F114,,20260708,7,83.3,100.0,83.3-100,15:42,32.4861,-123.0007,83.3,90.0,83.3-90,20260708,16:40,32.5692,-122.8310,23,MOSAIC-B,,OFFSHORE,NVP,,,,,,,,5,2,,
F115,SH2607,SH2607_F115,,20260708,7,83.3,90.0,83.3-90,16:54,32.578,-122.8131,83.3,90.0,83.3-90,20260708,17:21,32.578,-122.8131,21,MOSAIC-E,,OFFSHORE,NVP,,,,,,,,5,2,,
F116,SH2607,SH2607_F116,,20260708,7,83.3,90.0,83.3-90,18:43,32.6062,-122.7987,83.3,80.0,83.3-80,20260708,19:43,32.6747,-122.6218,10.5,MOSAIC-B,,OFFSHORE,NVP,,,,,,,,5,2,,
F117,SH2607,SH2607_F117,,20260708,7,83.3,90.0,83.3-90,19:45,32.6747,-122.6218,83.3,80.0,83.3-80,20260708,20:42,32.7531,-122.4538,20,MOSAIC-B,,OFFSHORE,NVP,,,,,,,,5,2,,
F118,SH2607,SH2607_F118,,20260708,7,83.3,90.0,83.3-90,20:45,32.7531,-122.4538,83.3,80.0,83.3-80,20260708,21:40,32.8299,-122.2951,21.5,MOSAIC-B,,OFFSHORE,NVP,,,,,,,,5,2,,
F119,SH2607,SH2607_F119,,20260708,7,83.3,80.0,83.3-80,21:42,32.8299,-122.2951,83.3,70.0,83.3-70,20260708,22:49,32.9335,-122.0831,18,MOSAIC-B,,OFFSHORE,NVP,,83.3-80 and 83.3-70 skipped due to weather,,,,,,5,2,,
F120,SH2607,SH2607_F120,,20260708,7,83.3,80.0,83.3-80,22:51,32.9335,-122.0831,83.3,70.0,83.3-70,20260708,23:40,32.9870,-121.9736,26.5,MOSAIC-B,,OFFSHORE,NVP,,83.3-80 and 83.3-70 skipped due to weather,,,,,,5,2,,
F121,SH2607,SH2607_F121,,20260708,7,83.3,80.0,83.3-80,23:43,32.9870,-121.9736,83.3,70.0,83.3-70,20260709,01:05,33.1067,-121.7271,34.5,MOSAIC-B,hourly,OFFSHORE,NVP/EGC,,83.3-80 and 83.3-70 skipped due to weather,shrimp,,,,,5,2,,
F122,SH2607,SH2607_F122,,20260709,7,83.3,90.0,83.3-90,01:11,33.1067,121.7271,83.3,60.0,83.3-60,20260709,01:41,33.1604,121.6173,8.25,MOSAIC-B,hourly,OFFSHORE,EGC,,83.3-80 and 83.3-70 skipped due to weather,shrimp,,,,,5,2,,
F123,SH2607,SH2607_F123,,20260709,7,83.3,90.0,83.3-90,05:40,33.4218,121.0788,83.3,60.0,83.3-60,20260709,06:40,33.5074,120.9849,25.5,MOSAIC-B,hourly,OFFSHORE,EGC,,83.3-80 and 83.3-70 skipped due to weather,shrimp,,,,,5,2,,
F124,SH2607,SH2607_F124,,20260709,7,83.3,90.0,83.3-90,06:40,33.5074,120.9849,83.3,60.0,83.3-60,20260709,08:26,33.5605,120.7630,40.5,MOSAIC-B,last hour,OFFSHORE,EGC,,"83.3-80 and 83.3-70 skipped due to weather, spilled DI water from sterile forceps on filter",shrimp,,,,,5,2,,
F125,SH2607,SH2607_F125,,20260709,7,83.3,60.0,83.3-60,09:10,33.5776,120.7548,83.3,60.0,83.3-60,20260709,09:21,33.5759,120.7588,23,MOSAIC-E,on station,OFFSHORE,EGC,,,shrimp,,,,,5,2,,
F126,SH2607,SH2607_F126,,20260709,7,83.3,60.0,83.3-60,10:23,33.5904,120.7739,83.3,55.0,83.3-55,20260709,12:43,33.7314,-120.4148,31,MOSAIC-B,first hour,OFFSHORE,EGC/NVP,,filter very brown,shrimp,,,,,5,2,,
F127,SH2607,SH2607_F127,,20260709,7,83.3,55.0,83.3-55,13:02,33.7451,-120.4130,83.3,55.0,83.3-55,20260709,14:15,33.7451,-120.4130,17,MOSAIC-E,,ONSHORE,NVP,,,shrimp,,,,,5,2,,
F128,SH2607,SH2607_F128,,20260709,7,83.3,55.0,83.3-55,15:20,33.7555,-120.4347,83.3,51.0,83.3-51,20260709,16:19,33.8783,-120.1662,15,MOSAIC-B,,ONSHORE,NVP,,,shrimp,,,,,5,2,,
F129,SH2607,SH2607_F129,,20260709,7,NA,NA,NA-NA,16:33,NA,NA,NA,NA,NA-NA,20260709,16:45,NA,NA,2,MOSAIC-B,,OFFSHORE,NVP,,,shrimp,,,,,5,2,,
F130,SH2607,SH2607_F130,,20260709,7,83.3,51.0,83.3-51,17:18,33.8783,-120.1662,83.3,51.0,83.3-51,20260709,18:14,33.8783,-120.1662,14,MOSAIC-E,,ONSHORE,NVP,,,shrimp,,,,,5,2,,
F131,SH2607,SH2607_F131,,20260709,7,83.3,51.0,83.3-51,19:00,33.8789,-120.1213,83.3,39.4,83.3-39.4,20260709,19:58,33.8932,-119.9382,14,MOSAIC-B,,ONSHORE,NVP,"pinniped, dolphins nearby",,shrimp,,,,,5,2,,
F132,SH2607,SH2607_F132,,20260709,7,83.3,51.0,83.3-51,20:01,33.8932,-119.9382,83.3,39.4,83.3-39.4,20260709,21:02,33.9382,-119.7182,16.5,MOSAIC-B,,ONSHORE,NVP,,,shrimp,,,,,5,2,,
F133,SH2607,SH2607_F133,,20260709,7,83.3,51.0,83.3-51,21:03,33.9382,-119.7182,83.3,39.4,83.3-39.4,20260709,22:00,33.9754,-119.5319,16,MOSAIC-B,,ONSHORE,NVP,,,,,,,,5,2,,
F134,SH2607,SH2607_F134,,20260709,7,83.3,51.0,83.3-51,22:00,33.9754,-119.5319,83.3,39.4,83.3-39.4,20260709,23:01,34.0704,-119.4078,15,MOSAIC-B,,ONSHORE,NVP,,,,,,,,5,2,,
F135,SH2607,SH2607_F135,,20260709,7,83.3,51.0,83.3-51,23:03,34.0704,-119.4078,83.3,39.4,83.3-39.4,20260710,00:01,34.2248,-119.3389,12.5,MOSAIC-B,,ONSHORE,NVP,,,,,,,,5,2,,
F136,SH2607,SH2607_F136,,20260710,7,83.3,39.4,83.3-39.4,00:40,34.2316,119.3340,83.3,39.4,83.3-39.4,20260710,00:53,34.2501,119.3410,10,MOSAIC-E,on station,ONSHORE,EGC,,Filter clogged,cod,,,,,5,2,,
F137,SH2607,SH2607_F137,,20260710,7,83.3,40.6,83.3-40.6,00:58,34.2542,119.3410,83.3,40.6,83.3-40.6,20260710,01:35,34.2477,119.3422,13.5,MOSAIC-E,on station,ONSHORE,EGC,,"We stopped at one 40.6 and determined it was wrong, then went to a second one. This is the wrong one.",cod,,,,,5,2,,
F138,SH2607,SH2607_F138,,20260710,7,83.3,40.6,83.3-40.6,02:05,34.2265,119.4123,83.3,40.6,83.3-40.6,20260710,02:20,34.2243,119.4135,21.5,MOSAIC-E,on station,ONSHORE,EGC,,"We stopped at one 40.6 and determined it was wrong, then went to a second one. This is the right one.",cod,,,,,5,2,,
F139,SH2607,SH2607_F139,,20260710,7,83.3,42.0,83.3-42,03:37,34.1798,119.5100,83.3,42.0,83.3-42,20260710,03:54,34.1802,119.5098,20,MOSAIC-E,on station,ONSHORE,EGC,,,cod,,,,,5,2,,
F140,SH2607,SH2607_F140,,20260710,7,83.3,42.0,83.3-42,05:00,34.2067,119.5517,81.7,43.5,81.7-43.5,20260710,06:28,34.3574,119.7633,30.5,MOSAIC-A,full transect,ONSHORE,EGC,,stops a little before station because we stopped for traffic,cod,,,,,5,2,,
F141,SH2607,SH2607_F141,,20260710,7,81.7,43.5,81.7-43.5,06:56,34.4003,119.7941,81.7,43.5,81.7-43.5,20260710,07:06,34.4008,119.7943,9.5,MOSAIC-E,on station,ONSHORE,EGC,,filter clogged,cod,,,,,5,2,,
F142,SH2607,SH2607_F142,,20260710,7,81.7,43.5,81.7-43.5,07:29,34.3890,119.8128,81.8,46.9,81.8-46.9,20260710,08:53,34.2720,120.0208,33.5,MOSAIC-A,full transect,ONSHORE,EGC,,,cod,,,,,5,2,,
F143,SH2607,SH2607_F143,,20260710,7,81.8,46.9,81.8-46.9,09:01,34.2767,120.0193,81.8,46.9,81.8-46.9,20260710,09:20,34.2749,120.0142,33,MOSAIC-E,on station,ONSHORE,EGC,"unknown pinnipeds, dolphins nearby",,cod,,,,,5,2,,
F144,SH2607,SH2607_F144,,20260710,7,81.8,46.9,81.8-46.9,11:15,34.2873,120.0477,80.0,51.0,80-51,20260710,12:15,34.3518,-120.2325,19.5,MOSAIC-B,,ONSHORE,EGC/NVP,,,cod,,,,,5,3,,
F145,SH2607,SH2607_F145,,20260710,7,81.8,46.9,81.8-46.9,12:17,34.3518,-120.2325,80.0,51.0,80-51,20260710,13:17,34.4134,-120.4133,20,MOSAIC-B,,ONSHORE,NVP,,,,,,,,5,3,,
F146,SH2607,SH2607_F146,,20260710,7,81.8,46.9,81.8-46.9,13:19,34.4134,-120.4133,80.0,51.0,80-51,20260710,13:53,34.4496,-120.5188,13,MOSAIC-B,,ONSHORE,NVP,,,,,,,,5,3,,
F147,SH2607,SH2607_F147,,20260710,7,80.0,51.0,80-51,13:59,34.4496,-120.5188,80.0,51.0,80-51,20260710,15:36,34.4496,-120.5188,10,MOSAIC-E,,ONSHORE,NVP,very high chlorophyll,,,,,,,5,3,,
F148,SH2607,SH2607_F148,,20260710,7,80.0,51.0,80-51,16:14,34.4631,-120.5008,80.0,55.0,80-55,20260710,17:23,34.3203,-120.7968,12.5,MOSAIC-B,,ONSHORE,NVP,humpback whale sighted,filter clogged,,,,,,5,3,,
F149,SH2607,SH2607_F149,,20260710,7,80.0,55.0,80-55,18:11,34.3203,-120.7968,80.0,55.0,80-55,20260710,19:01,34.3203,-120.7968,12.5,MOSAIC-E,,ONSHORE,NVP,,filter clogged,,,,,,5,3,,
F150,SH2607,SH2607_F150,,20260710,7,80.0,55.0,80-55,20:14,34.3249,-120.8297,80.0,60.0,80-60,20260710,20:59,34.2527,-120.9558,10,MOSAIC-B,,ONSHORE,NVP,,,,,,,,5,3,,
F151,SH2607,SH2607_F151,,20260710,7,80.0,55.0,80-55,21:02,34.2527,-120.9558,80.0,60.0,80-60,20260710,22:10,34.1504,-121.1488,7,MOSAIC-B,,ONSHORE,NVP,,,,,,,,5,3,,
F152,SH2607,SH2607_F152,,20260710,7,80.0,60.0,80-60,22:18,34.1490,-121.1515,80.0,60.0,80-60,20260710,23:00,34.1490,-121.1515,7.5,MOSAIC-E,,OFFSHORE,NVP,brownest filter yet?,,,,,,,5,3,,
F153,SH2607,SH2607_F153,,20260711,7,80.0,60.0,80-60,00:21,34.1464,121.1794,80.0,70.0,80-70,20260711,01:26,34.0555,121.3608,13.25,MOSAIC-B,first hour,OFFSHORE,EGC,,,"shrimp, lobster",,,,,5,3,,
F154,SH2607,SH2607_F154,,20260711,7,80.0,60.0,80-60,01:33,34.0435,121.3860,80.0,70.0,80-70,20260711,02:41,33.9535,121.5640,22,MOSAIC-B,second hour,OFFSHORE,EGC,,dropped cryovial half after folding,"shrimp, lobster",,,,,5,3,,
F155,SH2607,SH2607_F155,,20260711,7,80.0,60.0,80-60,02:55,33.9535,121.5640,80.0,70.0,80-70,20260711,04:22,33.8190,121.8375,28,MOSAIC-B,last hour,OFFSHORE,EGC,,start coordinates estimated based on end of last filter because i forgot to take a picture,"shrimp, lobster",,,,,5,3,,
F156,SH2607,SH2607_F156,,20260711,7,80.0,70.0,80-70,04:34,33.8190,121.8375,80.0,70.0,80-70,20260711,04:48,33.8196,121.8381,20,MOSAIC-E,on station,OFFSHORE,EGC,,start coordinates estimated based on end of last filter because i forgot to take a picture,"shrimp, lobster",,,,,5,3,,
F157,SH2607,SH2607_F157,,20260711,7,80.0,70.0,80-70,06:39,33.8251,121.8605,80.0,80.0,80-80,20260711,07:36,33.7331,122.0216,18.5,MOSAIC-B,first hour,OFFSHORE,EGC,,,"shrimp, lobster",,,,,5,3,,
F158,SH2607,SH2607_F158,,20260711,7,80.0,70.0,80-70,07:36,33.7331,122.0216,80.0,80.0,80-80,20260711,08:27,33.6615,122.1666,21.5,MOSAIC-B,second hour,OFFSHORE,EGC,,,"shrimp, lobster",,,,,5,3,,
F159,SH2607,SH2607_F159,,20260711,7,80.0,70.0,80-70,08:27,33.6615,122.1666,80.0,80.0,80-80,20260711,10:29,33.4805,122.5238,64.25,MOSAIC-B,last hour,OFFSHORE,EGC,,long filter because station ETA changed ,"shrimp, lobster",,,,,5,3,,
F160,SH2607,SH2607_F160,,20260711,7,80.0,80.0,80-80,10:45,33.4811,122.5269,80.0,80.0,80-80,20260711,10:52,33.4812,122.5273,20,MOSAIC-E,on station,OFFSHORE,EGC,,,"shrimp, lobster",,,,,5,3,,
F161,SH2607,SH2607_F161,,20260711,7,80.0,80.0,80-80,12:47,33.5043,-122.5605,80.0,90.0,80-90,20260711,13:48,33.3990,-122.7336,19,MOSAIC-B,,OFFSHORE,NVP,,,"shrimp, lobster",,,,,5,3,,
F162,SH2607,SH2607_F162,,20260711,7,80.0,80.0,80-80,13:49,33.3990,-122.7336,80.0,90.0,80-90,20260711,14:50,33.2957,-122.9206,14.5,MOSAIC-B,,OFFSHORE,NVP,,,"shrimp, lobster",,,,,5,3,,
F163,SH2607,SH2607_F163,,20260711,7,80.0,80.0,80-80,14:52,33.2957,-122.9206,80.0,90.0,80-90,20260711,15:52,33.2010,-123.1144,26,MOSAIC-B,,OFFSHORE,NVP,,,"shrimp, lobster",,,,,5,3,,
F164,SH2607,SH2607_F164,,20260711,7,80.0,90.0,80-90,16:36,33.1508,-123.2211,80.0,90.0,80-90,20260711,17:16,33.1508,-123.2211,23,MOSAIC-E,,OFFSHORE,NVP,,,"shrimp, lobster",,,,,5,3,,
F165,SH2607,SH2607_F165,,20260711,7,80.0,90.0,80-90,18:33,33.1735,-123.2416,80.0,100.0,80-100,20260711,19:22,33.0917,-123.3848,22.5,MOSAIC-B,,OFFSHORE,NVP,,,"shrimp, lobster",,,,,5,3,,
F166,SH2607,SH2607_F166,,20260711,7,80.0,90.0,80-90,19:25,33.0917,-123.3848,80.0,100.0,80-100,20260711,20:22,32.9872,-123.5594,8.5,MOSAIC-B,,OFFSHORE,NVP,,,"shrimp, lobster",,,,,5,3,,
F167,SH2607,SH2607_F167,,20260711,7,80.0,90.0,80-90,20:24,32.9872,-123.5594,80.0,100.0,80-100,20260711,21:37,32.8734,-123.7892,18,MOSAIC-B,,OFFSHORE,NVP,,,"shrimp, lobster",,,,,5,3,,
F168,SH2607,SH2607_F168,,20260711,7,80.0,100.0,80-100,22:31,32.8175,-123.9041,80.0,100.0,80-100,20260711,23:02,32.8175,-123.9041,21.5,MOSAIC-E,,OFFSHORE,NVP,,,"shrimp, lobster",,,,,5,3,,
F169,SH2607,SH2607_F169,,20260712,7,80.0,100.0,80-100,00:20,32.8335,123.9066,76.7,90.0,76.7-90,20260712,01:36,33.0303,123.8420,24.5,MOSAIC-B,first hour,OFFSHORE,EGC,,,cod,,,,,5,3,,
F170,SH2607,SH2607_F170,,20260712,7,80.0,100.0,80-100,01:45,33.0589,123.8334,76.7,90.0,76.7-90,20260712,02:45,33.2107,123.7877,28,MOSAIC-B,second hour,OFFSHORE,EGC,,,cod,,,,,5,3,,
F171,SH2607,SH2607_F171,,20260712,7,80.0,100.0,80-100,02:45,33.2107,123.7877,76.7,90.0,76.7-90,20260712,03:58,33.4081,123.7277,12.5,MOSAIC-B,third hour,OFFSHORE,EGC,,,cod,,,,,5,3,,
F172,SH2607,SH2607_F172,,20260712,7,80.0,100.0,80-100,03:58,33.4081,123.7277,76.7,90.0,76.7-90,20260712,06:03,33.7190,123.6326,26.5,MOSAIC-B,last hour,OFFSHORE,EGC,,long two hour transect because i missed the one hour mark and wanted to finish the transect,cod,,,,,5,3,,
F173,SH2607,SH2607_F173,,20260712,7,NA,NA,NA-NA,05:50,NA,NA,NA,NA,NA-NA,20260712,06:23,NA,NA,3,NEG,negative control,OFFSHORE,EGC,,,cod,,,,,5,3,,
F174,SH2607,SH2607_F174,,20260712,7,76.7,90.0,76.7-90,06:17,33.7183,123.6345,76.7,90.0,76.7-90,20260712,06:30,33.7183,123.6364,29.5,MOSAIC-E,on station,OFFSHORE,EGC,,,cod,,,,,5,3,,
F175,SH2607,SH2607_F175,,20260712,7,76.7,90.0,76.7-90,07:30,33.7418,123.6337,76.7,80.0,76.7-80,20260712,08:22,33.8074,123.4654,16.5,MOSAIC-B,first hour,OFFSHORE,EGC,,,cod,,,,,5,3,,
F176,SH2607,SH2607_F176,,20260712,7,76.7,90.0,76.7-90,08:22,33.8074,123.4654,76.7,80.0,76.7-80,20260712,09:25,33.8949,123.2744,12.5,MOSAIC-B,second hour,OFFSHORE,EGC,,huge bubble covering 50 percent of filter,cod,,,,,5,3,,
F177,SH2607,SH2607_F177,,20260712,7,76.7,90.0,76.7-90,09:25,33.8949,123.2744,76.7,80.0,76.7-80,20260712,10:18,33.9725,123.1133,9,MOSAIC-B,third hour,OFFSHORE,EGC,,suspiciously light,cod,,,,,5,3,,
F178,SH2607,SH2607_F178,,20260712,7,76.7,90.0,76.7-90,10:18,33.9725,123.1133,76.7,80.0,76.7-80,20260712,11:19,34.0515,122.9328,26.5,MOSAIC-B,last hour,OFFSHORE,EGC,,,cod,,,,,5,3,,
F179,SH2607,SH2607_F179,,20260712,7,76.7,80.0,76.7-80,11:19,34.0515,122.9328,76.7,80.0,76.7-80,20260712,11:32,34.0512,122.9337,20,MOSAIC-E,on station,OFFSHORE,EGC,,carboy overflow,cod,,,,,5,3,,
F180,SH2607,SH2607_F180,,20260712,7,76.7,80.0,76.7-80,13:50,34.0819,-122.9020,76.7,70.0,76.7-70,20260712,14:50,34.1637,-122.7149,29.5,MOSAIC-B,,OFFSHORE,NVP,,,cod,,,,,5,3,,
F181,SH2607,SH2607_F181,,20260712,7,76.7,80.0,76.7-80,14:56,34.1737,-122.6945,76.7,70.0,76.7-70,20260712,16:05,34.2732,-122.4875,15,MOSAIC-B,,OFFSHORE,NVP,,,cod,,,,,5,3,,
F182,SH2607,SH2607_F182,,20260712,7,76.7,80.0,76.7-80,16:06,34.2732,-122.4875,76.7,70.0,76.7-70,20260712,17:05,34.3538,-122.3205,20,MOSAIC-B,,OFFSHORE,NVP,,,cod,,,,,5,3,,
F183,SH2607,SH2607_F183,,20260712,7,76.7,70.0,76.7-70,17:42,34.3885,-122.2470,76.7,70.0,76.7-70,20260712,18:18,34.3885,-122.2470,10.5,MOSAIC-E,,OFFSHORE,NVP,,,cod,,,,,5,3,,
F184,SH2607,SH2607_F184,,20260712,7,76.7,70.0,76.7-70,19:28,34.4259,-122.2017,76.7,60.0,76.7-60,20260712,20:22,34.4988,-122.0285,25,MOSAIC-B,,OFFSHORE,NVP,,,cod,,,,,5,3,,
F185,SH2607,SH2607_F185,,20260712,7,76.7,70.0,76.7-70,20:24,34.4988,-122.0285,76.7,60.0,76.7-60,20260712,21:29,34.5881,-121.8272,28,MOSAIC-B,,OFFSHORE,NVP,,,cod,,,,,5,3,,
F186,SH2607,SH2607_F186,,20260712,7,76.7,70.0,76.7-70,21:32,34.5881,-121.8272,76.7,60.0,76.7-60,20260712,22:25,34.6606,-121.6757,22.5,MOSAIC-B,,OFFSHORE,NVP,,,cod,,,,,5,3,,
F187,SH2607,SH2607_F187,,20260712,7,76.7,60.0,76.7-60,23:14,34.7226,121.5637,76.7,60.0,76.7-60,20260713,00:22,34.7226,121.5637,7.5,MOSAIC-E,on station,OFFSHORE,NVP/EGC,,,,,,,,5,3,,
F188,SH2607,SH2607_F188,,20260713,7,76.7,60.0,76.7-60,00:40,34.7274,121.5571,76.7,55.0,76.7-55,20260713,01:46,34.8099,121.3628,11.5,MOSAIC-B,first hour,OFFSHORE,EGC,,so juicy it turned the forceps brown. clogged.,,,,,,5,3,,
F189,SH2607,SH2607_F189,,20260713,7,76.7,60.0,76.7-60,01:56,34.8253,121.3304,76.7,55.0,76.7-55,20260713,02:49,34.8888,121.2001,15.5,MOSAIC-B,last hour,OFFSHORE,EGC,,includes some of the station,,,,,,5,3,,
F190,SH2607,SH2607_F190,,20260713,7,76.7,55.0,76.7-55,02:49,34.8888,121.2001,76.7,55.0,76.7-55,20260713,03:12,34.8880,121.2037,20.5,MOSAIC-E,on station,ONSHORE,EGC,,gross and slimy,,,,,,5,3,,
F191,SH2607,SH2607_F191,,20260713,7,76.7,55.0,76.7-55,04:16,34.9079,121.2087,76.7,51.0,76.7-51,20260713,05:58,35.0209,120.9179,47.75,MOSAIC-B,full transect,ONSHORE,EGC,,gross and slimy,,,,,,5,3,,
F192,SH2607,SH2607_F192,,20260713,7,76.7,51.0,76.7-51,06:00,35.0209,120.9179,76.7,51.0,76.7-51,20260713,06:13,35.0184,120.9187,20,MOSAIC-E,on station,ONSHORE,EGC,,dropped folded filter on shop towel,,,,,,5,3,,
F193,SH2607,SH2607_F193,,20260713,7,76.7,49.0,76.7-49,08:03,35.0883,120.7783,76.7,49.0,76.7-49,20260713,08:21,35.0902,120.7861,15,MOSAIC-E,on station,ONSHORE,EGC,,dropped swinnex in drip bucket. gross and slimy.,,,,,,5,3,,