Filter #,Cruise,Sample_ID,BIOREP_OF,DATE (YYYYMMDD),GMT-,LINE START,ONSHORE_OFFSHORE,STATION START,STATION_ID_START,TIME START,LAT START,LONG START,LINE END,STATION END,STATION_ID_END,DATE_END,TIME END,LAT END,LONG END,Distance_covered_m,VOLUME FILTERED (L),Minutes_Elapsed_Filter,Flow_Rate_L_min,SAMPLE TYPE,SAMPLE DESCRIPTION,INSHORE.OFFSHORE,Technician,Biological_notes,TF_Globicephala macrorhynchus,TF_Balaenoptera acutorostrata,TF_Tursiops,TF_Eschrichtius robustus,TF_Orcinus orca,TF_Balaenoptera musculus,TF_Physeter macrocephalus,TF_Balaenoptera physalus,TF_Megaptera novaeangliae,TF_Dolphins,TF_Aethalodelphis obliquidens,TF_Delphinus delphis,TF_Grampus griseus,Cut_filter_storage_location,Technical_notes,Seafood_served,CTD Cast #,CTD Cast Time (HH:MM),CTD Time At Depth (HH:MM),Bottle_num,Depth (m),Storage box,Storage location,DATE_TIME_END,DATE_TIME_START,STATION_SEP,Site,NumFilters
F001,SH2607,SH2607_F001,NA,20260629,7,93.3,ONSHORE,26.7,93.3-26.7,23:58:00,33.161,-117.4824,93.3,28,93.3-28,20260630,00:34:00,33.2406,-117.4697,8907.342790993776,18.25,36,0.51,MOSAIC-B,last hour,ONSHORE,EGC,,FALSE,FALSE,FALSE,FALSE,FALSE,FALSE,FALSE,FALSE,FALSE,FALSE,FALSE,FALSE,FALSE,NA,"used bottom screen for lat lon, weird format","Cod (prior day dinner), swai (lunch)",NA,NA,NA,NA,5,1,NA,2026-06-30T07:34:00Z,2026-06-30T06:58:00Z,NA,93.3-26.7-93.3-28,1
F002,SH2607,SH2607_F002,NA,20260630,7,93.3,ONSHORE,28,93.3-28,00:48:00,33.2382,-117.4679,93.3,28,93.3-28,20260630,01:26:00,33.1914,-117.5044,6206.456074491277,8.5,38,0.22,MOSAIC-E,on station,ONSHORE,EGC,,FALSE,FALSE,FALSE,FALSE,FALSE,FALSE,FALSE,FALSE,FALSE,FALSE,FALSE,FALSE,FALSE,NA,,"Cod (prior day dinner), swai (lunch)",NA,NA,NA,NA,5,1,NA,2026-06-30T08:26:00Z,2026-06-30T07:48:00Z,NA,93.3-28-93.3-28,1
F003,SH2607,SH2607_F003,NA,20260630,7,93.3,ONSHORE,28,93.3-28,01:32:00,33.1757,-117.5119,93.3,30,93.3-30,20260630,02:26:00,33.0277,-117.5103,16414.807170401367,19,54,0.35,MOSAIC-B,first hour,ONSHORE,EGC,,FALSE,FALSE,FALSE,FALSE,FALSE,FALSE,FALSE,FALSE,FALSE,FALSE,FALSE,FALSE,FALSE,NA,,"Cod (prior day dinner), swai (lunch)",NA,NA,NA,NA,5,1,NA,2026-06-30T09:26:00Z,2026-06-30T08:32:00Z,NA,93.3-28-93.3-30,2
F004,SH2607,SH2607_F004,NA,20260630,7,93.3,ONSHORE,28,93.3-28,02:34:00,33.0004,-117.5104,93.3,30,93.3-30,20260630,03:38:00,32.8447,-117.5337,17404.59554211339,25,64,0.39,MOSAIC-B,last hour,ONSHORE,EGC,,FALSE,FALSE,FALSE,FALSE,FALSE,FALSE,FALSE,FALSE,FALSE,FALSE,FALSE,FALSE,FALSE,NA,,"Cod (prior day dinner), swai (lunch)",NA,NA,NA,NA,5,1,NA,2026-06-30T10:38:00Z,2026-06-30T09:34:00Z,NA,93.3-28-93.3-30,2
F005,SH2607,SH2607_F005,NA,20260630,7,93.3,ONSHORE,30,93.3-30,03:47:00,32.8454,-117.5353,93.3,30,93.3-30,20260630,04:09:00,32.8444,-117.5373,217.61271957462904,19.5,22,0.89,MOSAIC-E,on station,ONSHORE,EGC,,FALSE,FALSE,FALSE,FALSE,FALSE,FALSE,FALSE,FALSE,FALSE,FALSE,FALSE,FALSE,FALSE,NA,,"Cod (prior day dinner), swai (lunch)",NA,NA,NA,NA,5,1,NA,2026-06-30T11:09:00Z,2026-06-30T10:47:00Z,NA,93.3-30-93.3-30,1
F006,SH2607,SH2607_F006,NA,20260630,7,93.3,ONSHORE,30,93.3-30,05:09:00,32.8503,-117.5551,93.3,35,93.3-35,20260630,06:04:00,32.7675,-117.708,17011.01325643426,12.25,55,0.22,MOSAIC-B,first hour,ONSHORE,EGC,,FALSE,FALSE,FALSE,FALSE,FALSE,FALSE,FALSE,FALSE,FALSE,FALSE,FALSE,FALSE,FALSE,NA,lat lon image blurry,"Cod (prior day dinner), swai (lunch)",NA,NA,NA,NA,5,1,NA,2026-06-30T13:04:00Z,2026-06-30T12:09:00Z,NA,93.3-30-93.3-35,2
F007,SH2607,SH2607_F007,NA,20260630,7,93.3,ONSHORE,30,93.3-30,06:11:00,32.7571,-117.7268,93.3,35,93.3-35,20260630,07:07:00,32.6792,-117.8736,16249.20396125392,20,56,0.36,MOSAIC-B,last hour,ONSHORE,EGC,dolphins sighted,FALSE,FALSE,FALSE,FALSE,FALSE,FALSE,FALSE,FALSE,FALSE,TRUE,FALSE,FALSE,FALSE,NA,,"Cod (prior day dinner), swai (lunch)",NA,NA,NA,NA,5,1,NA,2026-06-30T14:07:00Z,2026-06-30T13:11:00Z,NA,93.3-30-93.3-35,2
F008,SH2607,SH2607_F008,NA,20260630,7,93.3,ONSHORE,35,93.3-35,07:14:00,32.6802,-117.8746,93.3,35,93.3-35,20260630,07:30:00,32.68,-117.8751,51.87519475179562,19.5,16,1.22,MOSAIC-E,on station,ONSHORE,EGC,,FALSE,FALSE,FALSE,FALSE,FALSE,FALSE,FALSE,FALSE,FALSE,FALSE,FALSE,FALSE,FALSE,NA,,"Cod (prior day dinner), swai (lunch)",NA,NA,NA,NA,5,1,NA,2026-06-30T14:30:00Z,2026-06-30T14:14:00Z,NA,93.3-35-93.3-35,1
F009,SH2607,SH2607_F009,NA,20260630,7,93.3,ONSHORE,35,93.3-35,08:47:00,32.6737,-117.8907,93.3,40,93.3-40,20260630,09:55:00,32.5811,-118.0749,20106.300462392108,18.5,68,0.27,MOSAIC-B,first hour,ONSHORE,EGC,unidentified large whale sighted,FALSE,FALSE,FALSE,FALSE,FALSE,FALSE,FALSE,FALSE,FALSE,FALSE,FALSE,FALSE,FALSE,NA,"gust of wind blew shop towel, may have touched the filter. shop towel now more secure + talked to ben about when i can close the door to the CTD deck. accidentally UV'd closed tubes with filters inside for <1s.","Cod (prior day dinner), swai (lunch)",NA,NA,NA,NA,5,1,NA,2026-06-30T16:55:00Z,2026-06-30T15:47:00Z,NA,93.3-35-93.3-40,2
F010,SH2607,SH2607_F010,NA,20260630,7,93.3,ONSHORE,35,93.3-35,10:04:00,32.5674,-118.1019,93.3,40,93.3-40,20260630,10:46:00,32.5141,-118.2127,11969.217260201987,16,42,0.38,MOSAIC-B,last hour,ONSHORE,EGC,,FALSE,FALSE,FALSE,FALSE,FALSE,FALSE,FALSE,FALSE,FALSE,FALSE,FALSE,FALSE,FALSE,NA,cryovial half (folded) touched labcoat sleeve,"Cod (prior day dinner), swai (lunch)",NA,NA,NA,NA,5,1,NA,2026-06-30T17:46:00Z,2026-06-30T17:04:00Z,NA,93.3-35-93.3-40,2
F011,SH2607,SH2607_F011,NA,20260630,7,93.3,ONSHORE,40,93.3-40,10:51:00,32.5124,-118.214,93.3,40,93.3-40,20260630,11:01:00,32.5109,-118.2146,175.63825097831713,20,10,2,MOSAIC-E,on station,ONSHORE,EGC,,FALSE,FALSE,FALSE,FALSE,FALSE,FALSE,FALSE,FALSE,FALSE,FALSE,FALSE,FALSE,FALSE,NA,,"Cod (prior day dinner), swai (lunch)",NA,NA,NA,NA,5,1,NA,2026-06-30T18:01:00Z,2026-06-30T17:51:00Z,NA,93.3-40-93.3-40,1
F012,SH2607,SH2607_F012,NA,20260701,7,93.3,ONSHORE,55,93.3-55,00:20:00,31.9347,-119.3923,93.3,60,93.3-60,20260701,01:24:00,31.8458,-119.5728,19717.335744708125,30.25,64,0.47,MOSAIC-B,full transect,ONSHORE,EGC,,FALSE,FALSE,FALSE,FALSE,FALSE,FALSE,FALSE,FALSE,FALSE,FALSE,FALSE,FALSE,FALSE,NA,,Cod (lunch),NA,NA,NA,NA,5,1,NA,2026-07-01T08:24:00Z,2026-07-01T07:20:00Z,NA,93.3-55-93.3-60,1
F013,SH2607,SH2607_F013,NA,20260701,7,93.3,ONSHORE,60,93.3-60,01:31:00,31.8444,-119.5752,93.3,60,93.3-60,20260701,01:50:00,31.8417,-119.5814,658.8090050282267,20,19,1.05,MOSAIC-E,on station,OFFSHORE,EGC,,FALSE,FALSE,FALSE,FALSE,FALSE,FALSE,FALSE,FALSE,FALSE,FALSE,FALSE,FALSE,FALSE,NA,,Cod (lunch),NA,NA,NA,NA,5,1,NA,2026-07-01T08:50:00Z,2026-07-01T08:31:00Z,NA,93.3-60-93.3-60,1
F014,SH2607,SH2607_F014,NA,20260701,7,93.3,ONSHORE,60,93.3-60,02:51:00,31.8409,-119.6081,93.3,70,93.3-70,20260701,04:02:00,31.721,-119.8239,24383.286859708904,24,71,0.34,MOSAIC-B,first hour,OFFSHORE,EGC,,FALSE,FALSE,FALSE,FALSE,FALSE,FALSE,FALSE,FALSE,FALSE,FALSE,FALSE,FALSE,FALSE,NA,,Cod (lunch),NA,NA,NA,NA,5,1,NA,2026-07-01T11:02:00Z,2026-07-01T09:51:00Z,NA,93.3-60-93.3-70,3
F015,SH2607,SH2607_F015,NA,20260701,7,93.3,ONSHORE,60,93.3-60,04:08:00,31.7095,-119.8472,93.3,70,93.3-70,20260701,05:35:00,31.5842,-120.1005,27754.136320937367,22,87,0.25,MOSAIC-B,second hour,OFFSHORE,EGC,,FALSE,FALSE,FALSE,FALSE,FALSE,FALSE,FALSE,FALSE,FALSE,FALSE,FALSE,FALSE,FALSE,NA,,Cod (lunch),NA,NA,NA,NA,5,1,NA,2026-07-01T12:35:00Z,2026-07-01T11:08:00Z,NA,93.3-60-93.3-70,3
F016,SH2607,SH2607_F016,NA,20260701,7,93.3,ONSHORE,60,93.3-60,05:42:00,31.5725,-120.1229,93.3,70,93.3-70,20260701,06:45:00,31.5111,-120.2477,13667.287742014392,16.25,63,0.26,MOSAIC-B,last hour,OFFSHORE,EGC,,FALSE,FALSE,FALSE,FALSE,FALSE,FALSE,FALSE,FALSE,FALSE,FALSE,FALSE,FALSE,FALSE,NA,includes a bit of on station sampling,Cod (lunch),NA,NA,NA,NA,5,1,NA,2026-07-01T13:45:00Z,2026-07-01T12:42:00Z,NA,93.3-60-93.3-70,3
F017,SH2607,SH2607_F017,NA,20260701,7,93.3,ONSHORE,70,93.3-70,06:55:00,31.5102,-120.2486,93.3,70,93.3-70,20260701,07:15:00,31.5084,-120.2504,262.8101252741612,20.5,20,1.02,MOSAIC-E,on station,OFFSHORE,EGC,,FALSE,FALSE,FALSE,FALSE,FALSE,FALSE,FALSE,FALSE,FALSE,FALSE,FALSE,FALSE,FALSE,NA,attached filter holder to the wrong tube initially and the tube sprayed water everywhere,Cod (lunch),NA,NA,NA,NA,5,1,NA,2026-07-01T14:15:00Z,2026-07-01T13:55:00Z,NA,93.3-70-93.3-70,1
F018,SH2607,SH2607_F018,NA,20260701,7,93.3,ONSHORE,70,93.3-70,08:00:00,31.5059,-120.2668,93.3,80,93.3-80,20260701,09:00:00,31.4192,-120.4355,18694.304039126644,20.5,60,0.34,MOSAIC-B,first hour,OFFSHORE,EGC,,FALSE,FALSE,FALSE,FALSE,FALSE,FALSE,FALSE,FALSE,FALSE,FALSE,FALSE,FALSE,FALSE,NA,,Cod (lunch),NA,NA,NA,NA,5,1,NA,2026-07-01T16:00:00Z,2026-07-01T15:00:00Z,NA,93.3-70-93.3-80,4
F019,SH2607,SH2607_F019,NA,20260701,7,93.3,ONSHORE,70,93.3-70,09:06:00,31.4071,-120.46,93.3,80,93.3-80,20260701,10:03:00,31.3308,-120.6138,16901.335871034862,20.5,57,0.36,MOSAIC-B,second hour,OFFSHORE,EGC,,FALSE,FALSE,FALSE,FALSE,FALSE,FALSE,FALSE,FALSE,FALSE,FALSE,FALSE,FALSE,FALSE,NA,,Cod (lunch),NA,NA,NA,NA,5,1,NA,2026-07-01T17:03:00Z,2026-07-01T16:06:00Z,NA,93.3-70-93.3-80,4
F020,SH2607,SH2607_F020,NA,20260701,7,93.3,ONSHORE,70,93.3-70,10:08:00,31.315,-120.6468,93.3,80,93.3-80,20260701,10:56:00,31.2527,-120.7719,13769.894596171682,23.5,48,0.49,MOSAIC-B,third hour,OFFSHORE,EGC,,FALSE,FALSE,FALSE,FALSE,FALSE,FALSE,FALSE,FALSE,FALSE,FALSE,FALSE,FALSE,FALSE,NA,,Cod (lunch),NA,NA,NA,NA,5,1,NA,2026-07-01T17:56:00Z,2026-07-01T17:08:00Z,NA,93.3-70-93.3-80,4
F021,SH2607,SH2607_F021,NA,20260701,7,93.3,ONSHORE,70,93.3-70,11:02:00,31.2391,-120.7999,93.3,80,93.3-80,20260701,11:59:00,31.1772,-120.9211,13435.082426475392,28.5,57,0.5,MOSAIC-B,fourth hour,OFFSHORE,EGC,,FALSE,FALSE,FALSE,FALSE,FALSE,FALSE,FALSE,FALSE,FALSE,FALSE,FALSE,FALSE,FALSE,NA,end coordinates photo blurry,Cod (lunch),NA,NA,NA,NA,5,1,NA,2026-07-01T18:59:00Z,2026-07-01T18:02:00Z,NA,93.3-70-93.3-80,4
F022,SH2607,SH2607_F022,NA,20260702,7,93.3,ONSHORE,100,93.3-100,00:02:00,30.5141,-122.267,93.3,80,93.3-80,20260702,00:21:00,30.5175,-122.2754,890.0173709438147,20,19,1.05,MOSAIC-E,on station,OFFSHORE,EGC,,FALSE,FALSE,FALSE,FALSE,FALSE,FALSE,FALSE,FALSE,FALSE,FALSE,FALSE,FALSE,FALSE,NA,"water pressure in underway tap higher than yesterday, carboy overflowed after 10min so volume is approximate",Shrimp (prior day dinner),NA,NA,NA,NA,5,1,NA,2026-07-02T07:21:00Z,2026-07-02T07:02:00Z,NA,93.3-100-93.3-80,1
F023,SH2607,SH2607_F023,NA,20260702,7,93.3,ONSHORE,100,93.3-100,00:54:00,30.5216,-122.2841,93.3,110,93.3-110,20260702,01:53:00,30.42,-122.4503,19534.051267509338,17.25,59,0.29,MOSAIC-B,first hour,OFFSHORE,EGC,,FALSE,FALSE,FALSE,FALSE,FALSE,FALSE,FALSE,FALSE,FALSE,FALSE,FALSE,FALSE,FALSE,NA,,Shrimp (prior day dinner),NA,NA,NA,NA,5,1,NA,2026-07-02T08:53:00Z,2026-07-02T07:54:00Z,NA,93.3-100-93.3-110,3
F024,SH2607,SH2607_F024,NA,20260702,7,93.3,ONSHORE,100,93.3-100,01:53:00,30.42,-122.4503,93.3,110,93.3-110,20260702,03:26:00,30.2807,-122.7215,30304.46689536814,41.5,93,0.45,MOSAIC-B,second hour,OFFSHORE,EGC,,FALSE,FALSE,FALSE,FALSE,FALSE,FALSE,FALSE,FALSE,FALSE,FALSE,FALSE,FALSE,FALSE,NA,"start time approximate, coordinates from end of previous hourly",Shrimp (prior day dinner),NA,NA,NA,NA,5,1,NA,2026-07-02T10:26:00Z,2026-07-02T08:53:00Z,NA,93.3-100-93.3-110,3
F025,SH2607,SH2607_F025,NA,20260702,7,93.3,ONSHORE,100,93.3-100,03:26:00,30.2807,-122.7215,93.3,110,93.3-110,20260702,04:37:00,30.1807,-122.9211,22182.5893316969,27.75,71,0.39,MOSAIC-B,last hour,OFFSHORE,EGC,,FALSE,FALSE,FALSE,FALSE,FALSE,FALSE,FALSE,FALSE,FALSE,FALSE,FALSE,FALSE,FALSE,NA,,Shrimp (prior day dinner),NA,NA,NA,NA,5,1,NA,2026-07-02T11:37:00Z,2026-07-02T10:26:00Z,NA,93.3-100-93.3-110,3
F026,SH2607,SH2607_F026,NA,20260702,7,93.3,ONSHORE,110,93.3-110,04:42:00,30.18,-122.9222,93.3,110,93.3-110,20260702,05:00:00,30.1796,-122.923,88.89800362417049,22.5,18,1.25,MOSAIC-E,on station,OFFSHORE,EGC,,FALSE,FALSE,FALSE,FALSE,FALSE,FALSE,FALSE,FALSE,FALSE,FALSE,FALSE,FALSE,FALSE,NA,end time approximate,Shrimp (prior day dinner),NA,NA,NA,NA,5,1,NA,2026-07-02T12:00:00Z,2026-07-02T11:42:00Z,NA,93.3-110-93.3-110,1
F027,SH2607,SH2607_F027,NA,20260702,7,93.3,ONSHORE,110,93.3-110,06:13:00,30.1854,-122.934,93.3,120,93.3-120,20260702,07:33:00,30.0555,-123.1703,26943.06769052536,29,80,0.36,MOSAIC-B,first hour,OFFSHORE,EGC,,FALSE,FALSE,FALSE,FALSE,FALSE,FALSE,FALSE,FALSE,FALSE,FALSE,FALSE,FALSE,FALSE,NA,,Shrimp (prior day dinner),NA,NA,NA,NA,5,1,NA,2026-07-02T14:33:00Z,2026-07-02T13:13:00Z,NA,93.3-110-93.3-120,3
F028,SH2607,SH2607_F028,NA,20260702,7,93.3,ONSHORE,110,93.3-110,07:40:00,30.0453,-123.191,93.3,120,93.3-120,20260702,08:41:00,29.9551,-123.3702,19973.290587504136,36.25,61,0.59,MOSAIC-B,second hour,OFFSHORE,EGC,,FALSE,FALSE,FALSE,FALSE,FALSE,FALSE,FALSE,FALSE,FALSE,FALSE,FALSE,FALSE,FALSE,NA,,Shrimp (prior day dinner),NA,NA,NA,NA,5,1,NA,2026-07-02T15:41:00Z,2026-07-02T14:40:00Z,NA,93.3-110-93.3-120,3
F029,SH2607,SH2607_F029,NA,20260702,7,93.3,ONSHORE,110,93.3-110,08:47:00,29.9451,-123.3904,93.3,120,93.3-120,20260702,09:56:00,29.8461,-123.5862,21865.21755932493,28.75,69,0.42,MOSAIC-B,last hour,OFFSHORE,EGC,,FALSE,FALSE,FALSE,FALSE,FALSE,FALSE,FALSE,FALSE,FALSE,FALSE,FALSE,FALSE,FALSE,NA,,Shrimp (prior day dinner),NA,NA,NA,NA,5,1,NA,2026-07-02T16:56:00Z,2026-07-02T15:47:00Z,NA,93.3-110-93.3-120,3
F030,SH2607,SH2607_F030,NA,20260702,7,93.3,ONSHORE,120,93.3-120,10:02:00,29.8466,-123.5871,93.3,120,93.3-120,20260702,10:14:00,29.8461,-123.5879,95.123058847216015,28.5,12,2.38,MOSAIC-E,on station,OFFSHORE,EGC,,FALSE,FALSE,FALSE,FALSE,FALSE,FALSE,FALSE,FALSE,FALSE,FALSE,FALSE,FALSE,FALSE,NA,,Shrimp (prior day dinner),NA,NA,NA,NA,5,1,NA,2026-07-02T17:14:00Z,2026-07-02T17:02:00Z,NA,93.3-120-93.3-120,1
F031,SH2607,SH2607_F031,NA,20260702,7,93.3,ONSHORE,120,93.3-120,11:43:00,29.8711,-123.6071,90,120,90-120,20260702,12:44:00,30.0083,-123.7033,17820.416821284893,12,61,0.2,MOSAIC-B,first hour,OFFSHORE,EGC/Josie Adams,,FALSE,FALSE,FALSE,FALSE,FALSE,FALSE,FALSE,FALSE,FALSE,FALSE,FALSE,FALSE,FALSE,NA,"Josie the CalCOFI tech finished the sample, so this one is in bag 2 (uncut)",Shrimp (prior day dinner),NA,NA,NA,NA,5,2,NA,2026-07-02T19:44:00Z,2026-07-02T18:43:00Z,NA,93.3-120-90-120,1
F032,SH2607,SH2607_F032,NA,20260703,7,90,ONSHORE,110,90-110,00:42:00,30.762,-123.3515,90,110,90-110,20260703,00:52:00,30.7638,-123.3538,297.1732519429092,18.75,10,1.88,MOSAIC-E,on station,OFFSHORE,EGC,,FALSE,FALSE,FALSE,FALSE,FALSE,FALSE,FALSE,FALSE,FALSE,FALSE,FALSE,FALSE,FALSE,NA,tube popped off the swinnex and an unknown quantity of seawater went down the drain. done at end of station instead of beginning.,,NA,NA,NA,NA,5,1,NA,2026-07-03T07:52:00Z,2026-07-03T07:42:00Z,NA,90-110-90-110,1
F033,SH2607,SH2607_F033,NA,20260703,7,90,ONSHORE,110,90-110,01:02:00,30.7652,-123.3524,90,100,90-100,20260703,02:02:00,30.8426,-123.1793,18656.11230291149,18.5,60,0.31,MOSAIC-B,first hour,OFFSHORE,EGC,,FALSE,FALSE,FALSE,FALSE,FALSE,FALSE,FALSE,FALSE,FALSE,FALSE,FALSE,FALSE,FALSE,NA,,,NA,NA,NA,NA,5,1,NA,2026-07-03T09:02:00Z,2026-07-03T08:02:00Z,NA,90-110-90-100,4
F034,SH2607,SH2607_F034,NA,20260703,7,90,ONSHORE,110,90-110,02:07:00,30.8496,-123.1634,90,100,90-100,20260703,03:01:00,30.9183,-123,17381.887422895794,19.25,54,0.36,MOSAIC-B,second hour,OFFSHORE,EGC,,FALSE,FALSE,FALSE,FALSE,FALSE,FALSE,FALSE,FALSE,FALSE,FALSE,FALSE,FALSE,FALSE,NA,,,NA,NA,NA,NA,5,1,NA,2026-07-03T10:01:00Z,2026-07-03T09:07:00Z,NA,90-110-90-100,4
F035,SH2607,SH2607_F035,NA,20260703,7,90,ONSHORE,110,90-110,03:11:00,30.9301,-122.9731,90,100,90-100,20260703,04:03:00,31.0058,-122.8202,16846.87425344939,17,52,0.33,MOSAIC-B,third hour,OFFSHORE,EGC,,FALSE,FALSE,FALSE,FALSE,FALSE,FALSE,FALSE,FALSE,FALSE,FALSE,FALSE,FALSE,FALSE,NA,"tube popped out, looks like approx 3 liters went into drip bucket",,NA,NA,NA,NA,5,1,NA,2026-07-03T11:03:00Z,2026-07-03T10:11:00Z,NA,90-110-90-100,4
F036,SH2607,SH2607_F036,NA,20260703,7,90,ONSHORE,110,90-110,04:10:00,31.0165,-122.7976,90,100,90-100,20260703,05:01:00,31.0846,-122.66,15149.926234561693,19.75,51,0.39,MOSAIC-B,last hour,OFFSHORE,EGC,,FALSE,FALSE,FALSE,FALSE,FALSE,FALSE,FALSE,FALSE,FALSE,FALSE,FALSE,FALSE,FALSE,NA,,,NA,NA,NA,NA,5,1,NA,2026-07-03T12:01:00Z,2026-07-03T11:10:00Z,NA,90-110-90-100,4
F037,SH2607,SH2607_F037,NA,20260703,7,90,ONSHORE,100,90-100,05:08:00,31.085,-122.6603,90,110,90-110,20260703,05:23:00,31.0847,-122.6603,33.261277117635856,19.5,15,1.3,MOSAIC-E,on station,OFFSHORE,EGC,,FALSE,FALSE,FALSE,FALSE,FALSE,FALSE,FALSE,FALSE,FALSE,FALSE,FALSE,FALSE,FALSE,NA,,,NA,NA,NA,NA,5,1,NA,2026-07-03T12:23:00Z,2026-07-03T12:08:00Z,NA,90-100-90-110,1
F038,SH2607,SH2607_F038,NA,20260703,7,90,ONSHORE,100,90-100,07:13:00,31.1,-122.6719,90,90,90-90,20260703,08:29:00,31.1981,-122.4341,25149.10860375508,49.5,76,0.65,MOSAIC-B,first hour,OFFSHORE,EGC,,FALSE,FALSE,FALSE,FALSE,FALSE,FALSE,FALSE,FALSE,FALSE,FALSE,FALSE,FALSE,FALSE,NA,,,NA,NA,NA,NA,5,1,NA,2026-07-03T15:29:00Z,2026-07-03T14:13:00Z,NA,90-100-90-90,3
F039,SH2607,SH2607_F039,NA,20260703,7,90,ONSHORE,100,90-100,08:35:00,31.2094,-122.4102,90,90,90-90,20260703,09:50:00,31.3164,-122.1941,23755.973629181994,33.5,75,0.45,MOSAIC-B,second hour,OFFSHORE,EGC,sperm whales pretty close off port side,FALSE,FALSE,FALSE,FALSE,FALSE,FALSE,TRUE,FALSE,FALSE,FALSE,FALSE,FALSE,FALSE,NA,,,NA,NA,NA,NA,5,1,NA,2026-07-03T16:50:00Z,2026-07-03T15:35:00Z,NA,90-100-90-90,3
F040,SH2607,SH2607_F040,NA,20260703,7,NA,ONSHORE,NA,NA-NA,08:46:00,31.2094,-122.4102,NA,NA,NA-NA,20260703,09:25:00,31.2094,-122.4102,0,3,39,0.08,NEG,negative control,OFFSHORE,EGC,,FALSE,FALSE,FALSE,FALSE,FALSE,FALSE,FALSE,FALSE,FALSE,FALSE,FALSE,FALSE,FALSE,NA,"wiped tubes for peristaltic pump with shop towel, then ran DI water through them for a few minutes before attaching swinnex",,NA,NA,NA,NA,NA,1,NA,2026-07-03T16:25:00Z,2026-07-03T15:46:00Z,NA,NA-NA-NA-NA,5
F041,SH2607,SH2607_F041,NA,20260703,7,90,ONSHORE,100,90-100,09:54:00,31.3283,-122.1717,90,90,90-90,20260703,11:01:00,31.4194,-121.9842,20498.23386777166,36,67,0.54,MOSAIC-B,last hour,OFFSHORE,EGC,,FALSE,FALSE,FALSE,FALSE,FALSE,FALSE,FALSE,FALSE,FALSE,FALSE,FALSE,FALSE,FALSE,NA,,,NA,NA,NA,NA,5,1,NA,2026-07-03T18:01:00Z,2026-07-03T16:54:00Z,NA,90-100-90-90,3
F042,SH2607,SH2607_F042,NA,20260703,7,90,ONSHORE,90,90-90,11:08:00,31.4203,-121.9856,90,90,90-90,20260703,11:15:00,31.4203,-121.9856,0,19.5,7,2.79,MOSAIC-E,on station,OFFSHORE,EGC,,FALSE,FALSE,FALSE,FALSE,FALSE,FALSE,FALSE,FALSE,FALSE,FALSE,FALSE,FALSE,FALSE,NA,"end coordinates approximate, forgot to take photo",,NA,NA,NA,NA,5,1,NA,2026-07-03T18:15:00Z,2026-07-03T18:08:00Z,NA,90-90-90-90,1
F043,SH2607,SH2607_F043,NA,20260704,7,90,ONSHORE,70,90-70,00:28:00,32.0777,-120.6506,90,70,90-70,20260704,00:35:00,32.0777,-120.6527,198.2680723707395,21.5,7,3.07,MOSAIC-E,on station,OFFSHORE,EGC,,FALSE,FALSE,FALSE,FALSE,FALSE,FALSE,FALSE,FALSE,FALSE,FALSE,FALSE,FALSE,FALSE,NA,end of station. dropped swinnex in drip bucket.,,NA,NA,NA,NA,5,1,NA,2026-07-04T07:35:00Z,2026-07-04T07:28:00Z,NA,90-70-90-70,1
F044,SH2607,SH2607_F044,NA,20260704,7,90,ONSHORE,70,90-70,01:27:00,32.0844,-120.67,90,60,90-60,20260704,02:33:00,32.1646,-120.4836,19710.083169557838,38.5,66,0.58,MOSAIC-B,first hour,OFFSHORE,EGC,,FALSE,FALSE,FALSE,FALSE,FALSE,FALSE,FALSE,FALSE,FALSE,FALSE,FALSE,FALSE,FALSE,NA,,,NA,NA,NA,NA,5,1,NA,2026-07-04T09:33:00Z,2026-07-04T08:27:00Z,NA,90-70-90-60,4
F045,SH2607,SH2607_F045,NA,20260704,7,90,ONSHORE,70,90-70,02:42:00,32.1799,-120.4501,90,60,90-60,20260704,03:44:00,32.2593,-120.2823,18103.407511880174,30.25,62,0.49,MOSAIC-B,second hour,OFFSHORE,EGC,,FALSE,FALSE,FALSE,FALSE,FALSE,FALSE,FALSE,FALSE,FALSE,FALSE,FALSE,FALSE,FALSE,NA,,,NA,NA,NA,NA,5,1,NA,2026-07-04T10:44:00Z,2026-07-04T09:42:00Z,NA,90-70-90-60,4
F046,SH2607,SH2607_F046,NA,20260704,7,90,ONSHORE,70,90-70,03:52:00,32.2712,-120.2586,90,60,90-60,20260704,04:52:00,32.3535,-120.091,18231.80645743568,28,60,0.47,MOSAIC-B,third hour,OFFSHORE,EGC,,FALSE,FALSE,FALSE,FALSE,FALSE,FALSE,FALSE,FALSE,FALSE,FALSE,FALSE,FALSE,FALSE,NA,,,NA,NA,NA,NA,5,1,NA,2026-07-04T11:52:00Z,2026-07-04T10:52:00Z,NA,90-70-90-60,4
F047,SH2607,SH2607_F047,NA,20260704,7,90,ONSHORE,70,90-70,04:53:00,32.3535,-120.091,90,60,90-60,20260704,05:44:00,32.4187,-119.9557,14640.916362118362,13,51,0.25,MOSAIC-B,last hour,OFFSHORE,EGC,,FALSE,FALSE,FALSE,FALSE,FALSE,FALSE,FALSE,FALSE,FALSE,FALSE,FALSE,FALSE,FALSE,NA,,,NA,NA,NA,NA,5,1,NA,2026-07-04T12:44:00Z,2026-07-04T11:53:00Z,NA,90-70-90-60,4
F048,SH2607,SH2607_F048,NA,20260704,7,90,ONSHORE,60,90-60,05:50:00,32.4187,-119.9557,90,60,90-60,20260704,06:10:00,32.4181,-119.9568,123.01489806777016,20.75,20,1.04,MOSAIC-E,on station,OFFSHORE,EGC,,FALSE,FALSE,FALSE,FALSE,FALSE,FALSE,FALSE,FALSE,FALSE,FALSE,FALSE,FALSE,FALSE,NA,start coordinates approximate from end of previous sample,,NA,NA,NA,NA,5,1,NA,2026-07-04T13:10:00Z,2026-07-04T12:50:00Z,NA,90-60-90-60,1
F049,SH2607,SH2607_F049,NA,20260704,7,90,ONSHORE,60,90-60,07:42:00,32.4296,-119.9684,90,53,90-53,20260704,08:59:00,32.5307,-119.7289,25149.64300332184,24.25,77,0.31,MOSAIC-B,first hour,OFFSHORE,EGC,,FALSE,FALSE,FALSE,FALSE,FALSE,FALSE,FALSE,FALSE,FALSE,FALSE,FALSE,FALSE,FALSE,NA,,,NA,NA,NA,NA,5,1,NA,2026-07-04T15:59:00Z,2026-07-04T14:42:00Z,NA,90-60-90-53,2
F050,SH2607,SH2607_F050,NA,20260704,7,90,ONSHORE,60,90-60,09:00:00,32.5307,-119.7289,90,53,90-53,20260704,10:23:00,32.6505,-119.4742,27354.70869683996,17.25,83,0.21,MOSAIC-B,last hour,OFFSHORE,EGC,,FALSE,FALSE,FALSE,FALSE,FALSE,FALSE,FALSE,FALSE,FALSE,FALSE,FALSE,FALSE,FALSE,NA,dropped swinnex in drip bucket,,NA,NA,NA,NA,5,1,NA,2026-07-04T17:23:00Z,2026-07-04T16:00:00Z,NA,90-60-90-53,2
F051,SH2607,SH2607_F051,NA,20260704,7,90,ONSHORE,53,90-53,10:23:00,32.6505,-119.4742,90,53,90-53,20260704,10:42:00,32.6509,-119.4747,64.562238367367,32,19,1.68,MOSAIC-E,on station,ONSHORE,EGC,,FALSE,FALSE,FALSE,FALSE,FALSE,FALSE,FALSE,FALSE,FALSE,FALSE,FALSE,FALSE,FALSE,NA,,,NA,NA,NA,NA,5,1,NA,2026-07-04T17:42:00Z,2026-07-04T17:23:00Z,NA,90-53-90-53,1
F052,SH2607,SH2607_F052,NA,20260705,7,90,ONSHORE,35,90-35,00:57:00,33.2512,-118.2503,90,35,90-35,20260705,01:10:00,33.2512,-118.2503,0,19.75,13,1.52,MOSAIC-E,on station,ONSHORE,EGC,,FALSE,FALSE,FALSE,FALSE,FALSE,FALSE,FALSE,FALSE,FALSE,FALSE,FALSE,FALSE,FALSE,NA,"end time is very approximate and end coordinates are copied from start coordinates, because the sink tube popped off the underway faucet and i had to go report that to engineering right after processing the filter so i forgot to take the end time + coordinates in the shuffle.",,NA,NA,NA,NA,5,1,NA,2026-07-05T08:10:00Z,2026-07-05T07:57:00Z,NA,90-35-90-35,1
F053,SH2607,SH2607_F053,NA,20260705,7,90,ONSHORE,35,90-35,02:50:00,33.2418,-118.2651,90,30,90-30,20260705,03:52:00,33.3188,-118.0712,19980.143900688745,24,62,0.39,MOSAIC-B,first hour,ONSHORE,EGC,,FALSE,FALSE,FALSE,FALSE,FALSE,FALSE,FALSE,FALSE,FALSE,FALSE,FALSE,FALSE,FALSE,NA,,,NA,NA,NA,NA,5,1,NA,2026-07-05T10:52:00Z,2026-07-05T09:50:00Z,NA,90-35-90-30,2
F054,SH2607,SH2607_F054,NA,20260705,7,90,ONSHORE,35,90-35,03:52:00,33.3188,-118.0712,90,30,90-30,20260705,05:03:00,33.4173,-117.9045,18974.270819929217,24.5,71,0.35,MOSAIC-B,last hour,ONSHORE,EGC,,FALSE,FALSE,FALSE,FALSE,FALSE,FALSE,FALSE,FALSE,FALSE,FALSE,FALSE,FALSE,FALSE,NA,"clogged from 3:50-4:30, turned up the tap and flow resumed",,NA,NA,NA,NA,5,1,NA,2026-07-05T12:03:00Z,2026-07-05T10:52:00Z,NA,90-35-90-30,2
F055,SH2607,SH2607_F055,NA,20260705,7,90,ONSHORE,30,90-30,05:14:00,33.4166,-117.9053,90,30,90-30,20260705,05:20:00,33.4166,-117.906,65.10808720055213,20,6,3.33,MOSAIC-E,on station,ONSHORE,EGC,,FALSE,FALSE,FALSE,FALSE,FALSE,FALSE,FALSE,FALSE,FALSE,FALSE,FALSE,FALSE,FALSE,NA,,,NA,NA,NA,NA,5,1,NA,2026-07-05T12:20:00Z,2026-07-05T12:14:00Z,NA,90-30-90-30,1
F056,SH2607,SH2607_F056,NA,20260705,7,90,ONSHORE,28,90-28,08:04:00,33.4869,-117.7596,90,28,90-28,20260705,08:38:00,33.4827,-117.7708,1140.3968588933221,13,34,0.38,MOSAIC-E,on station,ONSHORE,EGC,,FALSE,FALSE,FALSE,FALSE,FALSE,FALSE,FALSE,FALSE,FALSE,FALSE,FALSE,FALSE,FALSE,NA,clogged so i ended sample,,NA,NA,NA,NA,5,1,NA,2026-07-05T15:38:00Z,2026-07-05T15:04:00Z,NA,90-28-90-28,1
F057,SH2607,SH2607_F057,NA,20260705,7,NA,ONSHORE,NA,NA-NA,08:14:00,NA,NA,NA,NA,NA-NA,20260705,08:38:00,NA,NA,NA,2,24,0.08,NEG,negative control,OFFSHORE,EGC,,FALSE,FALSE,FALSE,FALSE,FALSE,FALSE,FALSE,FALSE,FALSE,FALSE,FALSE,FALSE,FALSE,NA,"bleached and DI water rinsed tube before control this time, ran DI water through a swinnex filter and processed as normal",,NA,NA,NA,NA,NA,1,NA,2026-07-05T15:38:00Z,2026-07-05T15:14:00Z,NA,NA-NA-NA-NA,5
F058,SH2607,SH2607_F058,NA,20260705,7,90,ONSHORE,27.7,90-27.7,09:40:00,33.4932,-117.7503,90,27.7,90-27.7,20260705,09:47:00,33.491,-117.7517,276.52730383689453,6.5,7,0.93,MOSAIC-E,on station,ONSHORE,EGC,,FALSE,FALSE,FALSE,FALSE,FALSE,FALSE,FALSE,FALSE,FALSE,FALSE,FALSE,FALSE,FALSE,NA,clogged so I ended sample,,NA,NA,NA,NA,5,1,NA,2026-07-05T16:47:00Z,2026-07-05T16:40:00Z,NA,90-27.7-90-27.7,1
F059,SH2607,SH2607_F059,NA,20260705,7,90,ONSHORE,27.7,90-27.7,10:21:00,33.4953,-117.7582,88.5,30.1,88.5-30.1,20260705,11:55:00,33.6181,-118.0312,28778.462712240747,33,94,0.35,MOSAIC-B,,ONSHORE,EGC,,FALSE,FALSE,FALSE,FALSE,FALSE,FALSE,FALSE,FALSE,FALSE,FALSE,FALSE,FALSE,FALSE,NA,,,NA,NA,NA,NA,5,1,NA,2026-07-05T18:55:00Z,2026-07-05T17:21:00Z,NA,90-27.7-88.5-30.1,1
F060,SH2607,SH2607_F060,NA,20260705,7,88.5,ONSHORE,30.1,88.5-30.1,13:30:00,33.6544,-118.1065,86.8,32.5,86.8-32.5,20260705,14:28:00,33.635,-118.2753,15806.325247650784,21.5,58,0.37,MOSAIC-B,,ONSHORE,NVP,,FALSE,FALSE,FALSE,FALSE,FALSE,FALSE,FALSE,FALSE,FALSE,FALSE,FALSE,FALSE,FALSE,NA,,,NA,NA,NA,NA,5,1,NA,2026-07-05T21:28:00Z,2026-07-05T20:30:00Z,NA,88.5-30.1-86.8-32.5,3
F061,SH2607,SH2607_F061,NA,20260705,7,88.5,ONSHORE,30.1,88.5-30.1,14:29:00,33.635,-118.2753,86.8,32.5,86.8-32.5,20260705,15:29:00,33.6941,-118.4572,18099.3302146135,25.5,60,0.42,MOSAIC-B,,ONSHORE,NVP,,FALSE,FALSE,FALSE,FALSE,FALSE,FALSE,FALSE,FALSE,FALSE,FALSE,FALSE,FALSE,FALSE,NA,,,NA,NA,NA,NA,5,1,NA,2026-07-05T22:29:00Z,2026-07-05T21:29:00Z,NA,88.5-30.1-86.8-32.5,3
F062,SH2607,SH2607_F062,NA,20260705,7,88.5,ONSHORE,30.1,88.5-30.1,15:31:00,33.6941,-118.4572,86.8,32.5,86.8-32.5,20260705,16:40:00,33.8845,-118.4421,21165.149031873105,17.5,69,0.25,MOSAIC-B,,ONSHORE,NVP,,FALSE,FALSE,FALSE,FALSE,FALSE,FALSE,FALSE,FALSE,FALSE,FALSE,FALSE,FALSE,FALSE,NA,,,NA,NA,NA,NA,5,1,NA,2026-07-05T23:40:00Z,2026-07-05T22:31:00Z,NA,88.5-30.1-86.8-32.5,3
F063,SH2607,SH2607_F063,NA,20260705,7,86.8,ONSHORE,32.5,86.8-32.5,16:51:00,33.8845,-118.4421,86.8,32.5,86.8-32.5,20260705,17:20:00,33.8845,-118.4421,0,10,29,0.34,MOSAIC-E,on station,ONSHORE,NVP,,FALSE,FALSE,FALSE,FALSE,FALSE,FALSE,FALSE,FALSE,FALSE,FALSE,FALSE,FALSE,FALSE,NA,filtering was slow and we left station before I could get 20 L,,NA,NA,NA,NA,5,1,NA,2026-07-06T00:20:00Z,2026-07-05T23:51:00Z,NA,86.8-32.5-86.8-32.5,1
F064,SH2607,SH2607_F064,NA,20260705,7,86.7,ONSHORE,33.3,86.7-33.3,17:58:00,33.8835,-118.4827,86.7,33.3,86.7-33.3,20260705,18:43:00,33.8835,-118.4827,0,11.5,45,0.26,MOSAIC-E,on station,ONSHORE,NVP,,FALSE,FALSE,FALSE,FALSE,FALSE,FALSE,FALSE,FALSE,FALSE,FALSE,FALSE,FALSE,FALSE,NA,,,NA,NA,NA,NA,5,1,NA,2026-07-06T01:43:00Z,2026-07-06T00:58:00Z,NA,86.7-33.3-86.7-33.3,1
F065,SH2607,SH2607_F065,NA,20260705,7,86.7,ONSHORE,33.3,86.7-33.3,18:45:00,33.8833,-118.5146,85.4,35.8,85.4-35.8,20260705,19:45:00,33.9469,-118.6794,16793.71175006582,11.75,60,0.2,MOSAIC-B,,ONSHORE,NVP,,FALSE,FALSE,FALSE,FALSE,FALSE,FALSE,FALSE,FALSE,FALSE,FALSE,FALSE,FALSE,FALSE,NA,,,NA,NA,NA,NA,5,1,NA,2026-07-06T02:45:00Z,2026-07-06T01:45:00Z,NA,86.7-33.3-85.4-35.8,2
F066,SH2607,SH2607_F066,NA,20260705,7,86.7,ONSHORE,33.3,86.7-33.3,19:45:00,33.9469,-118.6794,85.4,35.8,85.4-35.8,20260705,20:25:00,33.9908,-118.8179,13694.914746384593,40,40,1,MOSAIC-B,,ONSHORE,NVP,,FALSE,FALSE,FALSE,FALSE,FALSE,FALSE,FALSE,FALSE,FALSE,FALSE,FALSE,FALSE,FALSE,NA,,,NA,NA,NA,NA,5,1,NA,2026-07-06T03:25:00Z,2026-07-06T02:45:00Z,NA,86.7-33.3-85.4-35.8,2
F067,SH2607,SH2607_F067,NA,20260705,7,85.4,ONSHORE,35.8,85.4-35.8,20:43:00,34.0094,-118.8356,85.4,35.8,85.4-35.8,20260705,21:23:00,34.0094,-118.8356,0,12.5,40,0.31,MOSAIC-E,on station,ONSHORE,NVP,,FALSE,FALSE,FALSE,FALSE,FALSE,FALSE,FALSE,FALSE,FALSE,FALSE,FALSE,FALSE,FALSE,NA,,,NA,NA,NA,NA,5,1,NA,2026-07-06T04:23:00Z,2026-07-06T03:43:00Z,NA,85.4-35.8-85.4-35.8,1
F068,SH2607,SH2607_F068,NA,20260705,7,85.4,ONSHORE,35.8,85.4-35.8,21:35:00,33.9873,-118.8254,86.7,35,86.7-35,20260705,22:44:00,33.8441,-118.6555,22341.738151160895,14.5,69,0.21,MOSAIC-B,,ONSHORE,NVP,,FALSE,FALSE,FALSE,FALSE,FALSE,FALSE,FALSE,FALSE,FALSE,FALSE,FALSE,FALSE,FALSE,NA,filtering slowed a lot in second half,,NA,NA,NA,NA,5,1,NA,2026-07-06T05:44:00Z,2026-07-06T04:35:00Z,NA,85.4-35.8-86.7-35,1
F069,SH2607,SH2607_F069,NA,20260705,7,86.7,ONSHORE,35,86.7-35,23:00:00,33.8441,-118.6555,86.7,35,86.7-35,20260705,23:35:00,33.8441,-118.6555,0,25.5,35,0.73,MOSAIC-E,,ONSHORE,NVP,,FALSE,FALSE,FALSE,FALSE,FALSE,FALSE,FALSE,FALSE,FALSE,FALSE,FALSE,FALSE,FALSE,NA,,,NA,NA,NA,NA,5,1,NA,2026-07-06T06:35:00Z,2026-07-06T06:00:00Z,NA,86.7-35-86.7-35,1
F070,SH2607,SH2607_F070,NA,20260706,7,86.7,ONSHORE,35,86.7-35,01:26:00,33.8127,-118.6694,86.7,40,86.7-40,20260706,03:19:00,33.6571,-118.9748,33148.86991340089,15,113,0.13,MOSAIC-B,full transect,ONSHORE,EGC,,FALSE,FALSE,FALSE,FALSE,FALSE,FALSE,FALSE,FALSE,FALSE,FALSE,FALSE,FALSE,FALSE,NA,,,NA,NA,NA,NA,5,1,NA,2026-07-06T10:19:00Z,2026-07-06T08:26:00Z,NA,86.7-35-86.7-40,1
F071,SH2607,SH2607_F071,NA,20260706,7,86.7,ONSHORE,40,86.7-40,03:19:00,33.6571,-118.9748,86.7,40,86.7-40,20260706,03:39:00,33.6565,-118.9746,69.08692012515768,20,20,1,MOSAIC-E,on station,ONSHORE,EGC,,FALSE,FALSE,FALSE,FALSE,FALSE,FALSE,FALSE,FALSE,FALSE,FALSE,FALSE,FALSE,FALSE,NA,,,NA,NA,NA,NA,5,1,NA,2026-07-06T10:39:00Z,2026-07-06T10:19:00Z,NA,86.7-40-86.7-40,1
F072,SH2607,SH2607_F072,NA,20260706,7,86.7,ONSHORE,40,86.7-40,05:53:00,33.6282,-119.0243,86.7,45,86.7-45,20260706,07:38:00,33.4943,-119.3087,30298.112366111003,78.5,105,0.75,MOSAIC-B,full transect,ONSHORE,EGC,,FALSE,FALSE,FALSE,FALSE,FALSE,FALSE,FALSE,FALSE,FALSE,FALSE,FALSE,FALSE,FALSE,NA,"left station at 05:35, coordinates  formatted wrong because lab computer broke",,NA,NA,NA,NA,5,1,NA,2026-07-06T14:38:00Z,2026-07-06T12:53:00Z,NA,86.7-40-86.7-45,1
F073,SH2607,SH2607_F073,NA,20260706,7,86.7,ONSHORE,45,86.7-45,07:49:00,33.4929,-119.32,86.7,45,86.7-45,20260706,08:01:00,33.4926,-119.3211,107.50239219933101,14.5,12,1.21,MOSAIC-E,on station,ONSHORE,EGC,,FALSE,FALSE,FALSE,FALSE,FALSE,FALSE,FALSE,FALSE,FALSE,FALSE,FALSE,FALSE,FALSE,NA,,,NA,NA,NA,NA,5,1,NA,2026-07-06T15:01:00Z,2026-07-06T14:49:00Z,NA,86.7-45-86.7-45,1
F074,SH2607,SH2607_F074,NA,20260706,7,86.7,ONSHORE,45,86.7-45,09:55:00,33.4898,-119.3611,86.7,50,86.7-50,20260706,11:05:00,33.3954,-119.5618,21398.31885603269,21.75,70,0.31,MOSAIC-B,full transect,ONSHORE,EGC,,FALSE,FALSE,FALSE,FALSE,FALSE,FALSE,FALSE,FALSE,FALSE,FALSE,FALSE,FALSE,FALSE,NA,,,NA,NA,NA,NA,5,1,NA,2026-07-06T18:05:00Z,2026-07-06T16:55:00Z,NA,86.7-45-86.7-50,1
F075,SH2607,SH2607_F075,NA,20260706,7,86.7,ONSHORE,50,86.7-50,12:07:00,33.3163,-119.6647,86.7,50,86.7-50,20260706,12:34:00,33.3163,-119.6647,0,21.5,27,0.8,MOSAIC-E,on station,ONSHORE,NVP,,FALSE,FALSE,FALSE,FALSE,FALSE,FALSE,FALSE,FALSE,FALSE,FALSE,FALSE,FALSE,FALSE,NA,,,NA,NA,NA,NA,5,NA,NA,2026-07-06T19:34:00Z,2026-07-06T19:07:00Z,NA,86.7-50-86.7-50,1
F076,SH2607,SH2607_F076,NA,20260706,7,86.7,ONSHORE,50,86.7-50,13:40:00,33.3163,-119.6647,86.7,55,86.7-55,20260706,14:38:00,33.2512,-119.8713,20555.205242125496,20,58,0.34,MOSAIC-B,leaving station,ONSHORE,NVP,,FALSE,FALSE,FALSE,FALSE,FALSE,FALSE,FALSE,FALSE,FALSE,FALSE,FALSE,FALSE,FALSE,NA,,None,NA,NA,NA,NA,5,NA,NA,2026-07-06T21:38:00Z,2026-07-06T20:40:00Z,NA,86.7-50-86.7-55,2
F077,SH2607,SH2607_F077,NA,20260706,7,86.7,ONSHORE,50,86.7-50,14:40:00,33.2512,-119.8713,86.7,55,86.7-55,20260706,15:22:00,33.1528,-120.0065,16673.707174084073,15,42,0.36,MOSAIC-B,,ONSHORE,NVP,,FALSE,FALSE,FALSE,FALSE,FALSE,FALSE,FALSE,FALSE,FALSE,FALSE,FALSE,FALSE,FALSE,NA,Cryovial tube labeled F079; 5 mL tube correct,None,NA,NA,NA,NA,5,NA,NA,2026-07-06T22:22:00Z,2026-07-06T21:40:00Z,NA,86.7-50-86.7-55,2
F078,SH2607,SH2607_F078,NA,20260706,7,86.7,ONSHORE,55,86.7-55,15:40:00,33.1528,-120.0065,86.7,55,86.7-55,20260706,16:16:00,33.1528,-120.0065,0,23,36,0.64,MOSAIC-E,on station,ONSHORE,NVP,,FALSE,FALSE,FALSE,FALSE,FALSE,FALSE,FALSE,FALSE,FALSE,FALSE,FALSE,FALSE,FALSE,NA,,None,NA,NA,NA,NA,5,NA,NA,2026-07-06T23:16:00Z,2026-07-06T22:40:00Z,NA,86.7-55-86.7-55,1
F079,SH2607,SH2607_F079,NA,20260706,7,86.7,ONSHORE,55,86.7-55,17:45:00,33.1528,-120.0065,86.7,60,86.7-60,20260706,18:40:00,33.0664,-120.1922,19805.19059746701,23,55,0.42,MOSAIC-B,leaving station,ONSHORE,NVP,,FALSE,FALSE,FALSE,FALSE,FALSE,FALSE,FALSE,FALSE,FALSE,FALSE,FALSE,FALSE,FALSE,NA,Cryovial tube labeled F077; 5 mL tube correct,None,NA,NA,NA,NA,5,NA,NA,2026-07-07T01:40:00Z,2026-07-07T00:45:00Z,NA,86.7-55-86.7-60,2
F080,SH2607,SH2607_F080,NA,20260706,7,NA,ONSHORE,NA,NA-NA,18:28:00,NA,NA,NA,NA,NA-NA,20260706,18:38:00,NA,NA,NA,1.5,10,0.15,NEG,negative control,OFFSHORE,NVP,,FALSE,FALSE,FALSE,FALSE,FALSE,FALSE,FALSE,FALSE,FALSE,FALSE,FALSE,FALSE,FALSE,NA,DI water run as normal through Swinnex,None,NA,NA,NA,NA,NA,NA,NA,2026-07-07T01:38:00Z,2026-07-07T01:28:00Z,NA,NA-NA-NA-NA,5
F081,SH2607,SH2607_F081,NA,20260706,7,86.7,ONSHORE,55,86.7-55,18:42:00,33.0664,-120.1922,86.7,60,86.7-60,20260706,19:42:00,32.9883,-120.3467,16833.501231022972,25,60,0.42,MOSAIC-B,,ONSHORE,NVP,,FALSE,FALSE,FALSE,FALSE,FALSE,FALSE,FALSE,FALSE,FALSE,FALSE,FALSE,FALSE,FALSE,NA,,None,NA,NA,NA,NA,5,NA,NA,2026-07-07T02:42:00Z,2026-07-07T01:42:00Z,NA,86.7-55-86.7-60,2
F082,SH2607,SH2607_F082,NA,20260706,7,86.7,ONSHORE,60,86.7-60,19:44:00,32.9883,-120.3467,86.7,60,86.7-60,20260706,20:21:00,32.9883,-120.3467,0,21.5,37,0.58,MOSAIC-E,,OFFSHORE,NVP,,FALSE,FALSE,FALSE,FALSE,FALSE,FALSE,FALSE,FALSE,FALSE,FALSE,FALSE,FALSE,FALSE,NA,,None,NA,NA,NA,NA,5,NA,NA,2026-07-07T03:21:00Z,2026-07-07T02:44:00Z,NA,86.7-60-86.7-60,1
F083,SH2607,SH2607_F083,NA,20260706,7,86.7,ONSHORE,60,86.7-60,21:44:00,32.9883,-120.3467,86.7,70,86.7-70,20260706,22:40:00,32.9027,-120.5281,19438.642327018013,29,56,0.52,MOSAIC-B,,OFFSHORE,NVP,,FALSE,FALSE,FALSE,FALSE,FALSE,FALSE,FALSE,FALSE,FALSE,FALSE,FALSE,FALSE,FALSE,NA,,,NA,NA,NA,NA,5,NA,NA,2026-07-07T05:40:00Z,2026-07-07T04:44:00Z,NA,86.7-60-86.7-70,3
F084,SH2607,SH2607_F084,NA,20260706,7,86.7,ONSHORE,60,86.7-60,22:44:00,32.9027,-120.5281,86.7,70,86.7-70,20260706,23:34:00,32.8229,-120.6909,17621.269622885713,20,50,0.4,MOSAIC-B,,OFFSHORE,NVP,,FALSE,FALSE,FALSE,FALSE,FALSE,FALSE,FALSE,FALSE,FALSE,FALSE,FALSE,FALSE,FALSE,NA,,,NA,NA,NA,NA,5,NA,NA,2026-07-07T06:34:00Z,2026-07-07T05:44:00Z,NA,86.7-60-86.7-70,3
F085,SH2607,SH2607_F085,NA,20260706,7,86.7,ONSHORE,60,86.7-60,23:36:00,32.8229,-120.6909,86.7,70,86.7-70,20260707,00:34:00,32.743,-120.856,17825.21055652154,32.5,58,0.56,MOSAIC-B,,OFFSHORE,NVP/EGC,,FALSE,FALSE,FALSE,FALSE,FALSE,FALSE,FALSE,FALSE,FALSE,FALSE,FALSE,FALSE,FALSE,NA,,,NA,NA,NA,NA,5,NA,NA,2026-07-07T07:34:00Z,2026-07-07T06:36:00Z,NA,86.7-60-86.7-70,3
F086,SH2607,SH2607_F086,NA,20260707,7,86.7,ONSHORE,70,86.7-70,00:36:00,32.743,-120.856,86.7,70,86.7-70,20260707,01:40:00,32.6574,-121.0308,18941.2107890416,28.25,64,0.44,MOSAIC-E,on station,OFFSHORE,EGC,,FALSE,FALSE,FALSE,FALSE,FALSE,FALSE,FALSE,FALSE,FALSE,FALSE,FALSE,FALSE,FALSE,NA,,,NA,NA,NA,NA,5,2,NA,2026-07-07T08:40:00Z,2026-07-07T07:36:00Z,NA,86.7-70-86.7-70,1
F087,SH2607,SH2607_F087,NA,20260707,7,86.7,ONSHORE,70,86.7-70,03:25:00,32.6543,-121.0663,86.7,80,86.7-80,20260707,04:30:00,32.5486,-121.2585,21515.49032778043,27,65,0.42,MOSAIC-B,first hour,OFFSHORE,EGC,,FALSE,FALSE,FALSE,FALSE,FALSE,FALSE,FALSE,FALSE,FALSE,FALSE,FALSE,FALSE,FALSE,NA,,,NA,NA,NA,NA,5,2,NA,2026-07-07T11:30:00Z,2026-07-07T10:25:00Z,NA,86.7-70-86.7-80,3
F088,SH2607,SH2607_F088,NA,20260707,7,86.7,ONSHORE,70,86.7-70,04:38:00,32.5316,-121.2903,86.7,80,86.7-80,20260707,06:06:00,32.4007,-121.5551,28817.480386400293,25.75,88,0.29,MOSAIC-B,second hour,OFFSHORE,EGC,,FALSE,FALSE,FALSE,FALSE,FALSE,FALSE,FALSE,FALSE,FALSE,FALSE,FALSE,FALSE,FALSE,NA,,,NA,NA,NA,NA,5,2,NA,2026-07-07T13:06:00Z,2026-07-07T11:38:00Z,NA,86.7-70-86.7-80,3
F089,SH2607,SH2607_F089,NA,20260707,7,86.7,ONSHORE,70,86.7-70,06:14:00,32.3895,-121.5779,86.7,80,86.7-80,20260707,07:08:00,32.3163,-121.7111,14936.332443261901,33.25,54,0.62,MOSAIC-B,last hour,OFFSHORE,EGC,,FALSE,FALSE,FALSE,FALSE,FALSE,FALSE,FALSE,FALSE,FALSE,FALSE,FALSE,FALSE,FALSE,NA,,,NA,NA,NA,NA,5,2,NA,2026-07-07T14:08:00Z,2026-07-07T13:14:00Z,NA,86.7-70-86.7-80,3
F090,SH2607,SH2607_F090,NA,20260707,7,86.7,ONSHORE,80,86.7-80,07:15:00,32.3173,-121.7151,86.7,80,86.7-80,20260707,07:27:00,32.3179,-121.72,466.1857414803503,20,12,1.67,MOSAIC-E,on station,OFFSHORE,EGC,,FALSE,FALSE,FALSE,FALSE,FALSE,FALSE,FALSE,FALSE,FALSE,FALSE,FALSE,FALSE,FALSE,NA,,,NA,NA,NA,NA,5,2,NA,2026-07-07T14:27:00Z,2026-07-07T14:15:00Z,NA,86.7-80-86.7-80,1
F091,SH2607,SH2607_F091,NA,20260707,7,86.7,ONSHORE,80,86.7-80,09:27:00,32.3238,-121.7474,86.7,90,86.7-90,20260707,10:44:00,32.2014,-121.9652,24604.274664867127,32.75,77,0.43,MOSAIC-B,first hour,OFFSHORE,EGC,,FALSE,FALSE,FALSE,FALSE,FALSE,FALSE,FALSE,FALSE,FALSE,FALSE,FALSE,FALSE,FALSE,NA,,,NA,NA,NA,NA,5,2,NA,2026-07-07T17:44:00Z,2026-07-07T16:27:00Z,NA,86.7-80-86.7-90,3
F092,SH2607,SH2607_F092,NA,20260707,7,86.7,ONSHORE,80,86.7-80,10:54:00,32.1812,-122.0029,86.7,90,86.7-90,20260707,11:51:00,32.1031,-122.1626,17378.856740829873,13.75,57,0.24,MOSAIC-B,second hour,OFFSHORE,EGC/NVP,,FALSE,FALSE,FALSE,FALSE,FALSE,FALSE,FALSE,FALSE,FALSE,FALSE,FALSE,FALSE,FALSE,NA,,,NA,NA,NA,NA,5,2,NA,2026-07-07T18:51:00Z,2026-07-07T17:54:00Z,NA,86.7-80-86.7-90,3
F093,SH2607,SH2607_F093,NA,20260707,7,86.7,ONSHORE,80,86.7-80,12:38:00,32.0354,-122.2983,86.7,90,86.7-90,20260707,13:22:00,31.9922,-122.3949,10307.43730468093,20,44,0.45,MOSAIC-B,last hour + station,OFFSHORE,NVP,,FALSE,FALSE,FALSE,FALSE,FALSE,FALSE,FALSE,FALSE,FALSE,FALSE,FALSE,FALSE,FALSE,NA,The last 20 minutes of this was on station due to unexpected early arrival,,NA,NA,NA,NA,5,2,NA,2026-07-07T20:22:00Z,2026-07-07T19:38:00Z,NA,86.7-80-86.7-90,3
F094,SH2607,SH2607_F094,NA,20260707,7,86.7,ONSHORE,90,86.7-90,15:02:00,31.9645,-122.4666,86.7,100,86.7-100,20260707,16:01:00,31.8698,-122.6365,19195.67674201504,21.5,59,0.36,MOSAIC-B,,OFFSHORE,NVP,,FALSE,FALSE,FALSE,FALSE,FALSE,FALSE,FALSE,FALSE,FALSE,FALSE,FALSE,FALSE,FALSE,NA,,,NA,NA,NA,NA,5,2,NA,2026-07-07T23:01:00Z,2026-07-07T22:02:00Z,NA,86.7-90-86.7-100,3
F095,SH2607,SH2607_F095,NA,20260707,7,86.7,ONSHORE,90,86.7-90,16:03:00,31.8698,-122.6365,86.7,100,86.7-100,20260707,16:52:00,31.7897,-122.7985,17722.368384028876,25,49,0.51,MOSAIC-B,,OFFSHORE,NVP,,FALSE,FALSE,FALSE,FALSE,FALSE,FALSE,FALSE,FALSE,FALSE,FALSE,FALSE,FALSE,FALSE,NA,,,NA,NA,NA,NA,5,2,NA,2026-07-07T23:52:00Z,2026-07-07T23:03:00Z,NA,86.7-90-86.7-100,3
F096,SH2607,SH2607_F096,NA,20260707,7,86.7,ONSHORE,90,86.7-90,16:55:00,31.7897,-122.7985,86.7,100,86.7-100,20260707,18:21:00,31.6663,-123.0489,27392.774371680192,12,86,0.14,MOSAIC-B,,OFFSHORE,NVP,,FALSE,FALSE,FALSE,FALSE,FALSE,FALSE,FALSE,FALSE,FALSE,FALSE,FALSE,FALSE,FALSE,NA,,,NA,NA,NA,NA,5,2,NA,2026-07-08T01:21:00Z,2026-07-07T23:55:00Z,NA,86.7-90-86.7-100,3
F097,SH2607,SH2607_F097,NA,20260707,7,86.7,ONSHORE,100,86.7-100,18:41:00,31.6536,-123.0773,86.7,100,86.7-100,20260707,19:12:00,31.6536,-123.0773,0,21.5,31,0.69,MOSAIC-E,,OFFSHORE,NVP,,FALSE,FALSE,FALSE,FALSE,FALSE,FALSE,FALSE,FALSE,FALSE,FALSE,FALSE,FALSE,FALSE,NA,,,NA,NA,NA,NA,5,2,NA,2026-07-08T02:12:00Z,2026-07-08T01:41:00Z,NA,86.7-100-86.7-100,1
F098,SH2607,SH2607_F098,NA,20260707,7,86.7,ONSHORE,100,86.7-100,20:35:00,31.6073,-123.1681,86.7,110,86.7-110,20260707,21:34:00,31.5168,-123.3527,20195.22793281212,17,59,0.29,MOSAIC-B,,OFFSHORE,NVP,,FALSE,FALSE,FALSE,FALSE,FALSE,FALSE,FALSE,FALSE,FALSE,FALSE,FALSE,FALSE,FALSE,NA,,,NA,NA,NA,NA,5,2,NA,2026-07-08T04:34:00Z,2026-07-08T03:35:00Z,NA,86.7-100-86.7-110,3
F099,SH2607,SH2607_F099,NA,20260707,7,86.7,ONSHORE,100,86.7-100,21:35:00,31.5168,-123.3527,86.7,110,86.7-110,20260707,22:34:00,31.4241,-123.5395,20512.88025652126,41,59,0.69,MOSAIC-B,,OFFSHORE,NVP,,FALSE,FALSE,FALSE,FALSE,FALSE,FALSE,FALSE,FALSE,FALSE,FALSE,FALSE,FALSE,FALSE,NA,,,NA,NA,NA,NA,5,2,NA,2026-07-08T05:34:00Z,2026-07-08T04:35:00Z,NA,86.7-100-86.7-110,3
F100,SH2607,SH2607_F100,NA,20260707,7,86.7,ONSHORE,100,86.7-100,22:35:00,31.4241,-123.5395,86.7,110,86.7-110,20260707,23:45:00,31.3227,-123.7431,22395.06521340455,11,70,0.16,MOSAIC-B,,OFFSHORE,NVP,,FALSE,FALSE,FALSE,FALSE,FALSE,FALSE,FALSE,FALSE,FALSE,FALSE,FALSE,FALSE,FALSE,NA,,,NA,NA,NA,NA,5,2,NA,2026-07-08T06:45:00Z,2026-07-08T05:35:00Z,NA,86.7-100-86.7-110,3
F101,SH2607,SH2607_F101,NA,20260707,7,86.7,ONSHORE,110,86.7-110,23:46:00,31.3227,-123.7431,86.7,110,86.7-110,20260708,00:04:00,31.3227,-123.7431,0,21,18,1.17,MOSAIC-E,,OFFSHORE,NVP/EGC,,FALSE,FALSE,FALSE,FALSE,FALSE,FALSE,FALSE,FALSE,FALSE,FALSE,FALSE,FALSE,FALSE,NA,,,NA,NA,NA,NA,5,2,NA,2026-07-08T07:04:00Z,2026-07-08T06:46:00Z,NA,86.7-110-86.7-110,1
F102,SH2607,SH2607_F102,NA,20260708,7,86.7,ONSHORE,110,86.7-110,01:07:00,31.3323,-123.7604,83.3,110,83.3-110,20260708,02:12:00,31.4744,-123.855,18143.127670803427,44,65,0.68,MOSAIC-B,first hour,OFFSHORE,EGC,,FALSE,FALSE,FALSE,FALSE,FALSE,FALSE,FALSE,FALSE,FALSE,FALSE,FALSE,FALSE,FALSE,NA,,,NA,NA,NA,NA,5,2,NA,2026-07-08T09:12:00Z,2026-07-08T08:07:00Z,NA,86.7-110-83.3-110,4
F103,SH2607,SH2607_F103,NA,20260708,7,86.7,ONSHORE,110,86.7-110,02:12:00,31.4774,-123.855,83.3,110,83.3-110,20260708,03:22:00,31.6422,-123.9745,21508.589090574336,25.75,70,0.37,MOSAIC-B,second hour,OFFSHORE,EGC,,FALSE,FALSE,FALSE,FALSE,FALSE,FALSE,FALSE,FALSE,FALSE,FALSE,FALSE,FALSE,FALSE,NA,,,NA,NA,NA,NA,5,2,NA,2026-07-08T10:22:00Z,2026-07-08T09:12:00Z,NA,86.7-110-83.3-110,4
F104,SH2607,SH2607_F104,NA,20260708,7,86.7,ONSHORE,110,86.7-110,03:22:00,31.6422,-123.9745,83.3,110,83.3-110,20260708,04:30:00,31.8029,-124.0908,20952.395662426065,30,68,0.44,MOSAIC-B,third hour,OFFSHORE,EGC,,FALSE,FALSE,FALSE,FALSE,FALSE,FALSE,FALSE,FALSE,FALSE,FALSE,FALSE,FALSE,FALSE,NA,,,NA,NA,NA,NA,5,2,NA,2026-07-08T11:30:00Z,2026-07-08T10:22:00Z,NA,86.7-110-83.3-110,4
F105,SH2607,SH2607_F105,NA,20260708,7,86.7,ONSHORE,110,86.7-110,04:30:00,31.8029,-124.0908,83.3,110,83.3-110,20260708,05:14:00,31.9075,-124.1642,13519.665522737663,24,44,0.55,MOSAIC-B,last hour,OFFSHORE,EGC,,FALSE,FALSE,FALSE,FALSE,FALSE,FALSE,FALSE,FALSE,FALSE,FALSE,FALSE,FALSE,FALSE,NA,dropped swinnex holder in drip bucket,,NA,NA,NA,NA,5,2,NA,2026-07-08T12:14:00Z,2026-07-08T11:30:00Z,NA,86.7-110-83.3-110,4
F106,SH2607,SH2607_F106,NA,20260708,7,83.3,ONSHORE,110,83.3-110,05:27:00,31.9138,-124.171,83.3,110,83.3-110,20260708,05:36:00,31.9137,-124.1727,161.17043171351133,15,9,1.67,MOSAIC-E,on station,OFFSHORE,EGC,,FALSE,FALSE,FALSE,FALSE,FALSE,FALSE,FALSE,FALSE,FALSE,FALSE,FALSE,FALSE,FALSE,NA,,,NA,NA,NA,NA,5,2,NA,2026-07-08T12:36:00Z,2026-07-08T12:27:00Z,NA,83.3-110-83.3-110,1
F107,SH2607,SH2607_F107,NA,20260708,7,83.3,ONSHORE,110,83.3-110,06:46:00,31.9285,-124.1835,83.3,100,83.3-100,20260708,07:59:00,32.0139,-123.9749,21873.5396526872,28.5,73,0.39,MOSAIC-B,first hour,OFFSHORE,EGC,,FALSE,FALSE,FALSE,FALSE,FALSE,FALSE,FALSE,FALSE,FALSE,FALSE,FALSE,FALSE,FALSE,NA,,,NA,NA,NA,NA,5,2,NA,2026-07-08T14:59:00Z,2026-07-08T13:46:00Z,NA,83.3-110-83.3-100,3
F108,SH2607,SH2607_F108,NA,20260708,7,83.3,ONSHORE,110,83.3-110,08:10:00,32.0296,-123.935,83.3,100,83.3-100,20260708,09:17:00,32.1172,-123.7515,19862.937479252098,18.25,67,0.27,MOSAIC-B,second hour,OFFSHORE,EGC,,FALSE,FALSE,FALSE,FALSE,FALSE,FALSE,FALSE,FALSE,FALSE,FALSE,FALSE,FALSE,FALSE,NA,,,NA,NA,NA,NA,5,2,NA,2026-07-08T16:17:00Z,2026-07-08T15:10:00Z,NA,83.3-110-83.3-100,3
F109,SH2607,SH2607_F109,NA,20260708,7,83.3,ONSHORE,110,83.3-110,09:17:00,32.1172,-123.7515,83.3,100,83.3-100,20260708,10:52:00,32.2448,-123.4931,28178.97240215645,17.5,95,0.18,MOSAIC-B,last hour,OFFSHORE,EGC,,FALSE,FALSE,FALSE,FALSE,FALSE,FALSE,FALSE,FALSE,FALSE,FALSE,FALSE,FALSE,FALSE,NA,,,NA,NA,NA,NA,5,2,NA,2026-07-08T17:52:00Z,2026-07-08T16:17:00Z,NA,83.3-110-83.3-100,3
F110,SH2607,SH2607_F110,NA,20260708,7,83.3,ONSHORE,100,83.3-100,11:30:00,32.2416,-123.5008,83.3,100,83.3-100,20260708,11:38:00,32.2419,-123.5023,145.22815275845556,21.5,8,2.69,MOSAIC-E,on station,OFFSHORE,EGC,,FALSE,FALSE,FALSE,FALSE,FALSE,FALSE,FALSE,FALSE,FALSE,FALSE,FALSE,FALSE,FALSE,NA,,,NA,NA,NA,NA,5,2,NA,2026-07-08T18:38:00Z,2026-07-08T18:30:00Z,NA,83.3-100-83.3-100,1
F111,SH2607,SH2607_F111,NA,20260708,7,83.3,ONSHORE,100,83.3-100,12:36:00,32.2496,-123.5128,83.3,90,83.3-90,20260708,13:38:00,32.322,-123.3334,18709.44281761688,20,62,0.32,MOSAIC-B,,OFFSHORE,NVP,,FALSE,FALSE,FALSE,FALSE,FALSE,FALSE,FALSE,FALSE,FALSE,FALSE,FALSE,FALSE,FALSE,NA,,,NA,NA,NA,NA,5,2,NA,2026-07-08T20:38:00Z,2026-07-08T19:36:00Z,NA,83.3-100-83.3-90,4
F112,SH2607,SH2607_F112,NA,20260708,7,83.3,ONSHORE,100,83.3-100,13:39:00,32.322,-123.3334,83.3,90,83.3-90,20260708,14:39:00,32.4039,-123.1674,18071.721031357934,22.5,60,0.38,MOSAIC-B,,OFFSHORE,NVP,Single common dolphin next to boat,FALSE,FALSE,FALSE,FALSE,FALSE,FALSE,FALSE,FALSE,FALSE,TRUE,FALSE,TRUE,FALSE,NA,,,NA,NA,NA,NA,5,2,NA,2026-07-08T21:39:00Z,2026-07-08T20:39:00Z,NA,83.3-100-83.3-90,4
F113,SH2607,SH2607_F113,NA,20260708,7,83.3,ONSHORE,100,83.3-100,14:39:00,32.4039,-123.1674,83.3,90,83.3-90,20260708,15:39:00,32.4861,-123.0007,18133.194274266698,33.5,60,0.56,MOSAIC-B,,OFFSHORE,NVP,,FALSE,FALSE,FALSE,FALSE,FALSE,FALSE,FALSE,FALSE,FALSE,FALSE,FALSE,FALSE,FALSE,NA,,,NA,NA,NA,NA,5,2,NA,2026-07-08T22:39:00Z,2026-07-08T21:39:00Z,NA,83.3-100-83.3-90,4
F114,SH2607,SH2607_F114,NA,20260708,7,83.3,ONSHORE,100,83.3-100,15:42:00,32.4861,-123.0007,83.3,90,83.3-90,20260708,16:40:00,32.5692,-122.831,18414.751692069585,23,58,0.4,MOSAIC-B,,OFFSHORE,NVP,,FALSE,FALSE,FALSE,FALSE,FALSE,FALSE,FALSE,FALSE,FALSE,FALSE,FALSE,FALSE,FALSE,NA,,,NA,NA,NA,NA,5,2,NA,2026-07-08T23:40:00Z,2026-07-08T22:42:00Z,NA,83.3-100-83.3-90,4
F115,SH2607,SH2607_F115,NA,20260708,7,83.3,ONSHORE,90,83.3-90,16:54:00,32.578,-122.8131,83.3,90,83.3-90,20260708,17:21:00,32.578,-122.8131,6.426725861570219e-11,21,27,0.78,MOSAIC-E,,OFFSHORE,NVP,,FALSE,FALSE,FALSE,FALSE,FALSE,FALSE,FALSE,FALSE,FALSE,FALSE,FALSE,FALSE,FALSE,NA,,,NA,NA,NA,NA,5,2,NA,2026-07-09T00:21:00Z,2026-07-08T23:54:00Z,NA,83.3-90-83.3-90,1
F116,SH2607,SH2607_F116,NA,20260708,7,83.3,ONSHORE,90,83.3-90,18:43:00,32.6062,-122.7987,83.3,80,83.3-80,20260708,19:43:00,32.6747,-122.6218,18254.328500371612,10.5,60,0.17,MOSAIC-B,,OFFSHORE,NVP,,FALSE,FALSE,FALSE,FALSE,FALSE,FALSE,FALSE,FALSE,FALSE,FALSE,FALSE,FALSE,FALSE,NA,,,NA,NA,NA,NA,5,2,NA,2026-07-09T02:43:00Z,2026-07-09T01:43:00Z,NA,83.3-90-83.3-80,3
F117,SH2607,SH2607_F117,NA,20260708,7,83.3,ONSHORE,90,83.3-90,19:45:00,32.6747,-122.6218,83.3,80,83.3-80,20260708,20:42:00,32.7531,-122.4538,17991.00519180843,20,57,0.35,MOSAIC-B,,OFFSHORE,NVP,,FALSE,FALSE,FALSE,FALSE,FALSE,FALSE,FALSE,FALSE,FALSE,FALSE,FALSE,FALSE,FALSE,NA,,,NA,NA,NA,NA,5,2,NA,2026-07-09T03:42:00Z,2026-07-09T02:45:00Z,NA,83.3-90-83.3-80,3
F118,SH2607,SH2607_F118,NA,20260708,7,83.3,ONSHORE,90,83.3-90,20:45:00,32.7531,-122.4538,83.3,80,83.3-80,20260708,21:40:00,32.8299,-122.2951,17132.848980917228,21.5,55,0.39,MOSAIC-B,,OFFSHORE,NVP,,FALSE,FALSE,FALSE,FALSE,FALSE,FALSE,FALSE,FALSE,FALSE,FALSE,FALSE,FALSE,FALSE,NA,,,NA,NA,NA,NA,5,2,NA,2026-07-09T04:40:00Z,2026-07-09T03:45:00Z,NA,83.3-90-83.3-80,3
F119,SH2607,SH2607_F119,NA,20260708,7,83.3,ONSHORE,80,83.3-80,21:42:00,32.8299,-122.2951,83.3,70,83.3-70,20260708,22:49:00,32.9335,-122.0831,22925.381365075165,18,67,0.27,MOSAIC-B,,OFFSHORE,NVP,,FALSE,FALSE,FALSE,FALSE,FALSE,FALSE,FALSE,FALSE,FALSE,FALSE,FALSE,FALSE,FALSE,NA,83.3-80 and 83.3-70 skipped due to weather,,NA,NA,NA,NA,5,2,NA,2026-07-09T05:49:00Z,2026-07-09T04:42:00Z,NA,83.3-80-83.3-70,3
F120,SH2607,SH2607_F120,NA,20260708,7,83.3,ONSHORE,80,83.3-80,22:51:00,32.9335,-122.0831,83.3,70,83.3-70,20260708,23:40:00,32.987,-121.9736,11832.810101154228,26.5,49,0.54,MOSAIC-B,,OFFSHORE,NVP,,FALSE,FALSE,FALSE,FALSE,FALSE,FALSE,FALSE,FALSE,FALSE,FALSE,FALSE,FALSE,FALSE,NA,83.3-80 and 83.3-70 skipped due to weather,,NA,NA,NA,NA,5,2,NA,2026-07-09T06:40:00Z,2026-07-09T05:51:00Z,NA,83.3-80-83.3-70,3
F121,SH2607,SH2607_F121,NA,20260708,7,83.3,ONSHORE,80,83.3-80,23:43:00,32.987,-121.9736,83.3,70,83.3-70,20260709,01:05:00,33.1067,-121.7271,26577.07236404403,34.5,82,0.42,MOSAIC-B,hourly,OFFSHORE,NVP/EGC,,FALSE,FALSE,FALSE,FALSE,FALSE,FALSE,FALSE,FALSE,FALSE,FALSE,FALSE,FALSE,FALSE,NA,83.3-80 and 83.3-70 skipped due to weather,shrimp,NA,NA,NA,NA,5,2,NA,2026-07-09T08:05:00Z,2026-07-09T06:43:00Z,NA,83.3-80-83.3-70,3
F122,SH2607,SH2607_F122,NA,20260709,7,83.3,ONSHORE,90,83.3-90,01:11:00,33.1067,-121.7271,83.3,60,83.3-60,20260709,01:41:00,33.1604,-121.6173,11850.914690967556,8.25,30,0.28,MOSAIC-B,hourly,OFFSHORE,EGC,,FALSE,FALSE,FALSE,FALSE,FALSE,FALSE,FALSE,FALSE,FALSE,FALSE,FALSE,FALSE,FALSE,NA,83.3-80 and 83.3-70 skipped due to weather,shrimp,NA,NA,NA,NA,5,2,NA,2026-07-09T08:41:00Z,2026-07-09T08:11:00Z,NA,83.3-90-83.3-60,3
F123,SH2607,SH2607_F123,NA,20260709,7,83.3,ONSHORE,90,83.3-90,05:40:00,33.4218,-121.0788,83.3,60,83.3-60,20260709,06:40:00,33.5074,-120.9849,12897.035842153698,25.5,60,0.42,MOSAIC-B,hourly,OFFSHORE,EGC,,FALSE,FALSE,FALSE,FALSE,FALSE,FALSE,FALSE,FALSE,FALSE,FALSE,FALSE,FALSE,FALSE,NA,83.3-80 and 83.3-70 skipped due to weather,shrimp,NA,NA,NA,NA,5,2,NA,2026-07-09T13:40:00Z,2026-07-09T12:40:00Z,NA,83.3-90-83.3-60,3
F124,SH2607,SH2607_F124,NA,20260709,7,83.3,ONSHORE,90,83.3-90,06:40:00,33.5074,-120.9849,83.3,60,83.3-60,20260709,08:26:00,33.5605,-120.763,21436.38590301014,40.5,106,0.38,MOSAIC-B,last hour,OFFSHORE,EGC,,FALSE,FALSE,FALSE,FALSE,FALSE,FALSE,FALSE,FALSE,FALSE,FALSE,FALSE,FALSE,FALSE,NA,"83.3-80 and 83.3-70 skipped due to weather, spilled DI water from sterile forceps on filter",shrimp,NA,NA,NA,NA,5,2,NA,2026-07-09T15:26:00Z,2026-07-09T13:40:00Z,NA,83.3-90-83.3-60,3
F125,SH2607,SH2607_F125,NA,20260709,7,83.3,ONSHORE,60,83.3-60,09:10:00,33.5776,-120.7548,83.3,60,83.3-60,20260709,09:21:00,33.5759,-120.7588,416.4884560039154,23,11,2.09,MOSAIC-E,on station,OFFSHORE,EGC,,FALSE,FALSE,FALSE,FALSE,FALSE,FALSE,FALSE,FALSE,FALSE,FALSE,FALSE,FALSE,FALSE,NA,,shrimp,NA,NA,NA,NA,5,2,NA,2026-07-09T16:21:00Z,2026-07-09T16:10:00Z,NA,83.3-60-83.3-60,1
F126,SH2607,SH2607_F126,NA,20260709,7,83.3,ONSHORE,60,83.3-60,10:23:00,33.5904,-120.7739,83.3,55,83.3-55,20260709,12:43:00,33.7314,-120.4148,36795.55595738554,31,140,0.22,MOSAIC-B,first hour,OFFSHORE,EGC/NVP,,FALSE,FALSE,FALSE,FALSE,FALSE,FALSE,FALSE,FALSE,FALSE,FALSE,FALSE,FALSE,FALSE,NA,filter very brown,shrimp,NA,NA,NA,NA,5,2,NA,2026-07-09T19:43:00Z,2026-07-09T17:23:00Z,NA,83.3-60-83.3-55,1
F127,SH2607,SH2607_F127,NA,20260709,7,83.3,ONSHORE,55,83.3-55,13:02:00,33.7451,-120.413,83.3,55,83.3-55,20260709,14:15:00,33.7451,-120.413,0,17,73,0.23,MOSAIC-E,,ONSHORE,NVP,,FALSE,FALSE,FALSE,FALSE,FALSE,FALSE,FALSE,FALSE,FALSE,FALSE,FALSE,FALSE,FALSE,NA,,shrimp,NA,NA,NA,NA,5,2,NA,2026-07-09T21:15:00Z,2026-07-09T20:02:00Z,NA,83.3-55-83.3-55,1
F128,SH2607,SH2607_F128,NA,20260709,7,83.3,ONSHORE,55,83.3-55,15:20:00,33.7555,-120.4347,83.3,51,83.3-51,20260709,16:19:00,33.8783,-120.1662,28345.503456090253,15,59,0.25,MOSAIC-B,,ONSHORE,NVP,,FALSE,FALSE,FALSE,FALSE,FALSE,FALSE,FALSE,FALSE,FALSE,FALSE,FALSE,FALSE,FALSE,NA,,shrimp,NA,NA,NA,NA,5,2,NA,2026-07-09T23:19:00Z,2026-07-09T22:20:00Z,NA,83.3-55-83.3-51,1
F129,SH2607,SH2607_F129,NA,20260709,7,NA,ONSHORE,NA,NA-NA,16:33:00,NA,NA,NA,NA,NA-NA,20260709,16:45:00,NA,NA,NA,2,12,0.17,NEG,,OFFSHORE,NVP,,FALSE,FALSE,FALSE,FALSE,FALSE,FALSE,FALSE,FALSE,FALSE,FALSE,FALSE,FALSE,FALSE,NA,,shrimp,NA,NA,NA,NA,5,2,NA,2026-07-09T23:45:00Z,2026-07-09T23:33:00Z,NA,NA-NA-NA-NA,5
F130,SH2607,SH2607_F130,NA,20260709,7,83.3,ONSHORE,51,83.3-51,17:18:00,33.8783,-120.1662,83.3,51,83.3-51,20260709,18:14:00,33.8783,-120.1662,0,14,56,0.25,MOSAIC-E,,ONSHORE,NVP,,FALSE,FALSE,FALSE,FALSE,FALSE,FALSE,FALSE,FALSE,FALSE,FALSE,FALSE,FALSE,FALSE,NA,,shrimp,NA,NA,NA,NA,5,2,NA,2026-07-10T01:14:00Z,2026-07-10T00:18:00Z,NA,83.3-51-83.3-51,1
F131,SH2607,SH2607_F131,NA,20260709,7,83.3,ONSHORE,51,83.3-51,19:00:00,33.8789,-120.1213,83.3,39.4,83.3-39.4,20260709,19:58:00,33.8932,-119.9382,17012.31067288767,14,58,0.24,MOSAIC-B,,ONSHORE,NVP,"pinniped, dolphins nearby",FALSE,FALSE,FALSE,FALSE,FALSE,FALSE,FALSE,FALSE,FALSE,TRUE,FALSE,FALSE,FALSE,NA,,shrimp,NA,NA,NA,NA,5,2,NA,2026-07-10T02:58:00Z,2026-07-10T02:00:00Z,NA,83.3-51-83.3-39.4,5
F132,SH2607,SH2607_F132,NA,20260709,7,83.3,ONSHORE,51,83.3-51,20:01:00,33.8932,-119.9382,83.3,39.4,83.3-39.4,20260709,21:02:00,33.9382,-119.7182,20948.064623375416,16.5,61,0.27,MOSAIC-B,,ONSHORE,NVP,,FALSE,FALSE,FALSE,FALSE,FALSE,FALSE,FALSE,FALSE,FALSE,FALSE,FALSE,FALSE,FALSE,NA,,shrimp,NA,NA,NA,NA,5,2,NA,2026-07-10T04:02:00Z,2026-07-10T03:01:00Z,NA,83.3-51-83.3-39.4,5
F133,SH2607,SH2607_F133,NA,20260709,7,83.3,ONSHORE,51,83.3-51,21:03:00,33.9382,-119.7182,83.3,39.4,83.3-39.4,20260709,22:00:00,33.9754,-119.5319,17707.46416780984,16,57,0.28,MOSAIC-B,,ONSHORE,NVP,,FALSE,FALSE,FALSE,FALSE,FALSE,FALSE,FALSE,FALSE,FALSE,FALSE,FALSE,FALSE,FALSE,NA,,,NA,NA,NA,NA,5,2,NA,2026-07-10T05:00:00Z,2026-07-10T04:03:00Z,NA,83.3-51-83.3-39.4,5
F134,SH2607,SH2607_F134,NA,20260709,7,83.3,ONSHORE,51,83.3-51,22:00:00,33.9754,-119.5319,83.3,39.4,83.3-39.4,20260709,23:01:00,34.0704,-119.4078,15569.74256240611,15,61,0.25,MOSAIC-B,,ONSHORE,NVP,,FALSE,FALSE,FALSE,FALSE,FALSE,FALSE,FALSE,FALSE,FALSE,FALSE,FALSE,FALSE,FALSE,NA,,,NA,NA,NA,NA,5,2,NA,2026-07-10T06:01:00Z,2026-07-10T05:00:00Z,NA,83.3-51-83.3-39.4,5
F135,SH2607,SH2607_F135,NA,20260709,7,83.3,ONSHORE,51,83.3-51,23:03:00,34.0704,-119.4078,83.3,39.4,83.3-39.4,20260710,00:01:00,34.2248,-119.3389,18267.596572742128,12.5,58,0.22,MOSAIC-B,,ONSHORE,NVP,,FALSE,FALSE,FALSE,FALSE,FALSE,FALSE,FALSE,FALSE,FALSE,FALSE,FALSE,FALSE,FALSE,NA,,,NA,NA,NA,NA,5,2,NA,2026-07-10T07:01:00Z,2026-07-10T06:03:00Z,NA,83.3-51-83.3-39.4,5
F136,SH2607,SH2607_F136,NA,20260710,7,83.3,ONSHORE,39.4,83.3-39.4,00:40:00,34.2316,-119.334,83.3,39.4,83.3-39.4,20260710,00:53:00,34.2501,-119.341,2151.080170907153,10,13,0.77,MOSAIC-E,on station,ONSHORE,EGC,,FALSE,FALSE,FALSE,FALSE,FALSE,FALSE,FALSE,FALSE,FALSE,FALSE,FALSE,FALSE,FALSE,NA,Filter clogged,cod,NA,NA,NA,NA,5,2,NA,2026-07-10T07:53:00Z,2026-07-10T07:40:00Z,NA,83.3-39.4-83.3-39.4,1
F137,SH2607,SH2607_F137,NA,20260710,7,83.3,ONSHORE,40.6,83.3-40.6,00:58:00,34.2542,-119.341,83.3,40.6,83.3-40.6,20260710,01:35:00,34.2477,-119.3422,729.4484216071509,13.5,37,0.36,MOSAIC-E,on station,ONSHORE,EGC,,FALSE,FALSE,FALSE,FALSE,FALSE,FALSE,FALSE,FALSE,FALSE,FALSE,FALSE,FALSE,FALSE,NA,"We stopped at one 40.6 and determined it was wrong, then went to a second one. This is the wrong one.",cod,NA,NA,NA,NA,5,2,NA,2026-07-10T08:35:00Z,2026-07-10T07:58:00Z,NA,83.3-40.6-83.3-40.6,2
F138,SH2607,SH2607_F138,NA,20260710,7,83.3,ONSHORE,40.6,83.3-40.6,02:05:00,34.2265,-119.4123,83.3,40.6,83.3-40.6,20260710,02:20:00,34.2243,-119.4135,267.9178064880634,21.5,15,1.43,MOSAIC-E,on station,ONSHORE,EGC,,FALSE,FALSE,FALSE,FALSE,FALSE,FALSE,FALSE,FALSE,FALSE,FALSE,FALSE,FALSE,FALSE,NA,"We stopped at one 40.6 and determined it was wrong, then went to a second one. This is the right one.",cod,NA,NA,NA,NA,5,2,NA,2026-07-10T09:20:00Z,2026-07-10T09:05:00Z,NA,83.3-40.6-83.3-40.6,2
F139,SH2607,SH2607_F139,NA,20260710,7,83.3,ONSHORE,42,83.3-42,03:37:00,34.1798,-119.51,83.3,42,83.3-42,20260710,03:54:00,34.1802,-119.5098,48.04867921042393,20,17,1.18,MOSAIC-E,on station,ONSHORE,EGC,,FALSE,FALSE,FALSE,FALSE,FALSE,FALSE,FALSE,FALSE,FALSE,FALSE,FALSE,FALSE,FALSE,NA,,cod,NA,NA,NA,NA,5,2,NA,2026-07-10T10:54:00Z,2026-07-10T10:37:00Z,NA,83.3-42-83.3-42,1
F140,SH2607,SH2607_F140,NA,20260710,7,83.3,ONSHORE,42,83.3-42,05:00:00,34.2067,-119.5517,81.7,43.5,81.7-43.5,20260710,06:28:00,34.3574,-119.7633,25672.30554986882,30.5,88,0.35,MOSAIC-A,full transect,ONSHORE,EGC,,FALSE,FALSE,FALSE,FALSE,FALSE,FALSE,FALSE,FALSE,FALSE,FALSE,FALSE,FALSE,FALSE,NA,stops a little before station because we stopped for traffic,cod,NA,NA,NA,NA,5,2,NA,2026-07-10T13:28:00Z,2026-07-10T12:00:00Z,NA,83.3-42-81.7-43.5,1
F141,SH2607,SH2607_F141,NA,20260710,7,81.7,ONSHORE,43.5,81.7-43.5,06:56:00,34.4003,-119.7941,81.7,43.5,81.7-43.5,20260710,07:06:00,34.4008,-119.7943,58.433982970786715,9.5,10,0.95,MOSAIC-E,on station,ONSHORE,EGC,,FALSE,FALSE,FALSE,FALSE,FALSE,FALSE,FALSE,FALSE,FALSE,FALSE,FALSE,FALSE,FALSE,NA,filter clogged,cod,NA,NA,NA,NA,5,2,NA,2026-07-10T14:06:00Z,2026-07-10T13:56:00Z,NA,81.7-43.5-81.7-43.5,1
F142,SH2607,SH2607_F142,NA,20260710,7,81.7,ONSHORE,43.5,81.7-43.5,07:29:00,34.389,-119.8128,81.8,46.9,81.8-46.9,20260710,08:53:00,34.272,-120.0208,23126.463261585563,33.5,84,0.4,MOSAIC-A,full transect,ONSHORE,EGC,,FALSE,FALSE,FALSE,FALSE,FALSE,FALSE,FALSE,FALSE,FALSE,FALSE,FALSE,FALSE,FALSE,NA,,cod,NA,NA,NA,NA,5,2,NA,2026-07-10T15:53:00Z,2026-07-10T14:29:00Z,NA,81.7-43.5-81.8-46.9,1
F143,SH2607,SH2607_F143,NA,20260710,7,81.8,ONSHORE,46.9,81.8-46.9,09:01:00,34.2767,-120.0193,81.8,46.9,81.8-46.9,20260710,09:20:00,34.2749,-120.0142,510.31766551451875,33,19,1.74,MOSAIC-E,on station,ONSHORE,EGC,"unknown pinnipeds, dolphins nearby",FALSE,FALSE,FALSE,FALSE,FALSE,FALSE,FALSE,FALSE,FALSE,TRUE,FALSE,FALSE,FALSE,NA,,cod,NA,NA,NA,NA,5,2,NA,2026-07-10T16:20:00Z,2026-07-10T16:01:00Z,NA,81.8-46.9-81.8-46.9,1
F144,SH2607,SH2607_F144,NA,20260710,7,81.8,ONSHORE,46.9,81.8-46.9,11:15:00,34.2873,-120.0477,80,51,80-51,20260710,12:15:00,34.3518,-120.2325,18452.140968797594,19.5,60,0.32,MOSAIC-B,,ONSHORE,EGC/NVP,,FALSE,FALSE,FALSE,FALSE,FALSE,FALSE,FALSE,FALSE,FALSE,FALSE,FALSE,FALSE,FALSE,NA,,cod,NA,NA,NA,NA,5,3,NA,2026-07-10T19:15:00Z,2026-07-10T18:15:00Z,NA,81.8-46.9-80-51,3
F145,SH2607,SH2607_F145,NA,20260710,7,81.8,ONSHORE,46.9,81.8-46.9,12:17:00,34.3518,-120.2325,80,51,80-51,20260710,13:17:00,34.4134,-120.4133,17977.22239073793,20,60,0.33,MOSAIC-B,,ONSHORE,NVP,,FALSE,FALSE,FALSE,FALSE,FALSE,FALSE,FALSE,FALSE,FALSE,FALSE,FALSE,FALSE,FALSE,NA,,,NA,NA,NA,NA,5,3,NA,2026-07-10T20:17:00Z,2026-07-10T19:17:00Z,NA,81.8-46.9-80-51,3
F146,SH2607,SH2607_F146,NA,20260710,7,81.8,ONSHORE,46.9,81.8-46.9,13:19:00,34.4134,-120.4133,80,51,80-51,20260710,13:53:00,34.4496,-120.5188,10495.624187836534,13,34,0.38,MOSAIC-B,,ONSHORE,NVP,,FALSE,FALSE,FALSE,FALSE,FALSE,FALSE,FALSE,FALSE,FALSE,FALSE,FALSE,FALSE,FALSE,NA,,,NA,NA,NA,NA,5,3,NA,2026-07-10T20:53:00Z,2026-07-10T20:19:00Z,NA,81.8-46.9-80-51,3
F147,SH2607,SH2607_F147,NA,20260710,7,80,ONSHORE,51,80-51,13:59:00,34.4496,-120.5188,80,51,80-51,20260710,15:36:00,34.4496,-120.5188,0,10,97,0.1,MOSAIC-E,,ONSHORE,NVP,very high chlorophyll,FALSE,FALSE,FALSE,FALSE,FALSE,FALSE,FALSE,FALSE,FALSE,FALSE,FALSE,FALSE,FALSE,NA,,,NA,NA,NA,NA,5,3,NA,2026-07-10T22:36:00Z,2026-07-10T20:59:00Z,NA,80-51-80-51,1
F148,SH2607,SH2607_F148,NA,20260710,7,80,ONSHORE,51,80-51,16:14:00,34.4631,-120.5008,80,55,80-55,20260710,17:23:00,34.3203,-120.7968,31493.515746796962,12.5,69,0.18,MOSAIC-B,,ONSHORE,NVP,humpback whale sighted,FALSE,FALSE,FALSE,FALSE,FALSE,FALSE,FALSE,FALSE,TRUE,FALSE,FALSE,FALSE,FALSE,NA,filter clogged,,NA,NA,NA,NA,5,3,NA,2026-07-11T00:23:00Z,2026-07-10T23:14:00Z,NA,80-51-80-55,1
F149,SH2607,SH2607_F149,NA,20260710,7,80,ONSHORE,55,80-55,18:11:00,34.3203,-120.7968,80,55,80-55,20260710,19:01:00,34.3203,-120.7968,0,12.5,50,0.25,MOSAIC-E,,ONSHORE,NVP,,FALSE,FALSE,FALSE,FALSE,FALSE,FALSE,FALSE,FALSE,FALSE,FALSE,FALSE,FALSE,FALSE,NA,filter clogged,,NA,NA,NA,NA,5,3,NA,2026-07-11T02:01:00Z,2026-07-11T01:11:00Z,NA,80-55-80-55,1
F150,SH2607,SH2607_F150,NA,20260710,7,80,ONSHORE,55,80-55,20:14:00,34.3249,-120.8297,80,60,80-60,20260710,20:59:00,34.2527,-120.9558,14104.579005571268,10,45,0.22,MOSAIC-B,,ONSHORE,NVP,,FALSE,FALSE,FALSE,FALSE,FALSE,FALSE,FALSE,FALSE,FALSE,FALSE,FALSE,FALSE,FALSE,NA,,,NA,NA,NA,NA,5,3,NA,2026-07-11T03:59:00Z,2026-07-11T03:14:00Z,NA,80-55-80-60,2
F151,SH2607,SH2607_F151,NA,20260710,7,80,ONSHORE,55,80-55,21:02:00,34.2527,-120.9558,80,60,80-60,20260710,22:10:00,34.1504,-121.1488,21099.412067196685,7,68,0.1,MOSAIC-B,,ONSHORE,NVP,,FALSE,FALSE,FALSE,FALSE,FALSE,FALSE,FALSE,FALSE,FALSE,FALSE,FALSE,FALSE,FALSE,NA,,,NA,NA,NA,NA,5,3,NA,2026-07-11T05:10:00Z,2026-07-11T04:02:00Z,NA,80-55-80-60,2
F152,SH2607,SH2607_F152,NA,20260710,7,80,ONSHORE,60,80-60,22:18:00,34.149,-121.1515,80,60,80-60,20260710,23:00:00,34.149,-121.1515,0,7.5,42,0.18,MOSAIC-E,,OFFSHORE,NVP,brownest filter yet?,FALSE,FALSE,FALSE,FALSE,FALSE,FALSE,FALSE,FALSE,FALSE,FALSE,FALSE,FALSE,FALSE,NA,,,NA,NA,NA,NA,5,3,NA,2026-07-11T06:00:00Z,2026-07-11T05:18:00Z,NA,80-60-80-60,1
F153,SH2607,SH2607_F153,NA,20260711,7,80,ONSHORE,60,80-60,00:21:00,34.1464,-121.1794,80,70,80-70,20260711,01:26:00,34.0555,-121.3608,19541.04995565109,13.25,65,0.2,MOSAIC-B,first hour,OFFSHORE,EGC,,FALSE,FALSE,FALSE,FALSE,FALSE,FALSE,FALSE,FALSE,FALSE,FALSE,FALSE,FALSE,FALSE,NA,,"shrimp, lobster",NA,NA,NA,NA,5,3,NA,2026-07-11T08:26:00Z,2026-07-11T07:21:00Z,NA,80-60-80-70,3
F154,SH2607,SH2607_F154,NA,20260711,7,80,ONSHORE,60,80-60,01:33:00,34.0435,-121.386,80,70,80-70,20260711,02:41:00,33.9535,-121.564,19237.75341024631,22,68,0.32,MOSAIC-B,second hour,OFFSHORE,EGC,,FALSE,FALSE,FALSE,FALSE,FALSE,FALSE,FALSE,FALSE,FALSE,FALSE,FALSE,FALSE,FALSE,NA,dropped cryovial half after folding,"shrimp, lobster",NA,NA,NA,NA,5,3,NA,2026-07-11T09:41:00Z,2026-07-11T08:33:00Z,NA,80-60-80-70,3
F155,SH2607,SH2607_F155,NA,20260711,7,80,ONSHORE,60,80-60,02:55:00,33.9535,-121.564,80,70,80-70,20260711,04:22:00,33.819,-121.8375,29371.806682260747,28,87,0.32,MOSAIC-B,last hour,OFFSHORE,EGC,,FALSE,FALSE,FALSE,FALSE,FALSE,FALSE,FALSE,FALSE,FALSE,FALSE,FALSE,FALSE,FALSE,NA,start coordinates estimated based on end of last filter because i forgot to take a picture,"shrimp, lobster",NA,NA,NA,NA,5,3,NA,2026-07-11T11:22:00Z,2026-07-11T09:55:00Z,NA,80-60-80-70,3
F156,SH2607,SH2607_F156,NA,20260711,7,80,ONSHORE,70,80-70,04:34:00,33.819,-121.8375,80,70,80-70,20260711,04:48:00,33.8196,-121.8381,86.68722919357039,20,14,1.43,MOSAIC-E,on station,OFFSHORE,EGC,,FALSE,FALSE,FALSE,FALSE,FALSE,FALSE,FALSE,FALSE,FALSE,FALSE,FALSE,FALSE,FALSE,NA,start coordinates estimated based on end of last filter because i forgot to take a picture,"shrimp, lobster",NA,NA,NA,NA,5,3,NA,2026-07-11T11:48:00Z,2026-07-11T11:34:00Z,NA,80-70-80-70,1
F157,SH2607,SH2607_F157,NA,20260711,7,80,ONSHORE,70,80-70,06:39:00,33.8251,-121.8605,80,80,80-80,20260711,07:36:00,33.7331,-122.0216,18077.217131292728,18.5,57,0.32,MOSAIC-B,first hour,OFFSHORE,EGC,,FALSE,FALSE,FALSE,FALSE,FALSE,FALSE,FALSE,FALSE,FALSE,FALSE,FALSE,FALSE,FALSE,NA,,"shrimp, lobster",NA,NA,NA,NA,5,3,NA,2026-07-11T14:36:00Z,2026-07-11T13:39:00Z,NA,80-70-80-80,3
F158,SH2607,SH2607_F158,NA,20260711,7,80,ONSHORE,70,80-70,07:36:00,33.7331,-122.0216,80,80,80-80,20260711,08:27:00,33.6615,-122.1666,15613.689342646692,21.5,51,0.42,MOSAIC-B,second hour,OFFSHORE,EGC,,FALSE,FALSE,FALSE,FALSE,FALSE,FALSE,FALSE,FALSE,FALSE,FALSE,FALSE,FALSE,FALSE,NA,,"shrimp, lobster",NA,NA,NA,NA,5,3,NA,2026-07-11T15:27:00Z,2026-07-11T14:36:00Z,NA,80-70-80-80,3
F159,SH2607,SH2607_F159,NA,20260711,7,80,ONSHORE,70,80-70,08:27:00,33.6615,-122.1666,80,80,80-80,20260711,10:29:00,33.4805,-122.5238,38767.63182272555,64.25,122,0.53,MOSAIC-B,last hour,OFFSHORE,EGC,,FALSE,FALSE,FALSE,FALSE,FALSE,FALSE,FALSE,FALSE,FALSE,FALSE,FALSE,FALSE,FALSE,NA,long filter because station ETA changed,"shrimp, lobster",NA,NA,NA,NA,5,3,NA,2026-07-11T17:29:00Z,2026-07-11T15:27:00Z,NA,80-70-80-80,3
F160,SH2607,SH2607_F160,NA,20260711,7,80,ONSHORE,80,80-80,10:45:00,33.4811,-122.5269,80,80,80-80,20260711,10:52:00,33.4812,-122.5273,38.79628452873907,20,7,2.86,MOSAIC-E,on station,OFFSHORE,EGC,,FALSE,FALSE,FALSE,FALSE,FALSE,FALSE,FALSE,FALSE,FALSE,FALSE,FALSE,FALSE,FALSE,NA,,"shrimp, lobster",NA,NA,NA,NA,5,3,NA,2026-07-11T17:52:00Z,2026-07-11T17:45:00Z,NA,80-80-80-80,1
F161,SH2607,SH2607_F161,NA,20260711,7,80,ONSHORE,80,80-80,12:47:00,33.5043,-122.5605,80,90,80-90,20260711,13:48:00,33.399,-122.7336,19884.974338178698,19,61,0.31,MOSAIC-B,,OFFSHORE,NVP,,FALSE,FALSE,FALSE,FALSE,FALSE,FALSE,FALSE,FALSE,FALSE,FALSE,FALSE,FALSE,FALSE,NA,,"shrimp, lobster",NA,NA,NA,NA,5,3,NA,2026-07-11T20:48:00Z,2026-07-11T19:47:00Z,NA,80-80-80-90,3
F162,SH2607,SH2607_F162,NA,20260711,7,80,ONSHORE,80,80-80,13:49:00,33.399,-122.7336,80,90,80-90,20260711,14:50:00,33.2957,-122.9206,20839.054999143147,14.5,61,0.24,MOSAIC-B,,OFFSHORE,NVP,,FALSE,FALSE,FALSE,FALSE,FALSE,FALSE,FALSE,FALSE,FALSE,FALSE,FALSE,FALSE,FALSE,NA,,"shrimp, lobster",NA,NA,NA,NA,5,3,NA,2026-07-11T21:50:00Z,2026-07-11T20:49:00Z,NA,80-80-80-90,3
F163,SH2607,SH2607_F163,NA,20260711,7,80,ONSHORE,80,80-80,14:52:00,33.2957,-122.9206,80,90,80-90,20260711,15:52:00,33.201,-123.1144,20892.330981537165,26,60,0.43,MOSAIC-B,,OFFSHORE,NVP,,FALSE,FALSE,FALSE,FALSE,FALSE,FALSE,FALSE,FALSE,FALSE,FALSE,FALSE,FALSE,FALSE,NA,,"shrimp, lobster",NA,NA,NA,NA,5,3,NA,2026-07-11T22:52:00Z,2026-07-11T21:52:00Z,NA,80-80-80-90,3
F164,SH2607,SH2607_F164,NA,20260711,7,80,ONSHORE,90,80-90,16:36:00,33.1508,-123.2211,80,90,80-90,20260711,17:16:00,33.1508,-123.2211,0,23,40,0.58,MOSAIC-E,,OFFSHORE,NVP,,FALSE,FALSE,FALSE,FALSE,FALSE,FALSE,FALSE,FALSE,FALSE,FALSE,FALSE,FALSE,FALSE,NA,,"shrimp, lobster",NA,NA,NA,NA,5,3,NA,2026-07-12T00:16:00Z,2026-07-11T23:36:00Z,NA,80-90-80-90,1
F165,SH2607,SH2607_F165,NA,20260711,7,80,ONSHORE,90,80-90,18:33:00,33.1735,-123.2416,80,100,80-100,20260711,19:22:00,33.0917,-123.3848,16151.138896806739,22.5,49,0.46,MOSAIC-B,,OFFSHORE,NVP,,FALSE,FALSE,FALSE,FALSE,FALSE,FALSE,FALSE,FALSE,FALSE,FALSE,FALSE,FALSE,FALSE,NA,,"shrimp, lobster",NA,NA,NA,NA,5,3,NA,2026-07-12T02:22:00Z,2026-07-12T01:33:00Z,NA,80-90-80-100,3
F166,SH2607,SH2607_F166,NA,20260711,7,80,ONSHORE,90,80-90,19:25:00,33.0917,-123.3848,80,100,80-100,20260711,20:22:00,32.9872,-123.5594,20008.087128291456,8.5,57,0.15,MOSAIC-B,,OFFSHORE,NVP,,FALSE,FALSE,FALSE,FALSE,FALSE,FALSE,FALSE,FALSE,FALSE,FALSE,FALSE,FALSE,FALSE,NA,,"shrimp, lobster",NA,NA,NA,NA,5,3,NA,2026-07-12T03:22:00Z,2026-07-12T02:25:00Z,NA,80-90-80-100,3
F167,SH2607,SH2607_F167,NA,20260711,7,80,ONSHORE,90,80-90,20:24:00,32.9872,-123.5594,80,100,80-100,20260711,21:37:00,32.8734,-123.7892,24924.040011071964,18,73,0.25,MOSAIC-B,,OFFSHORE,NVP,,FALSE,FALSE,FALSE,FALSE,FALSE,FALSE,FALSE,FALSE,FALSE,FALSE,FALSE,FALSE,FALSE,NA,,"shrimp, lobster",NA,NA,NA,NA,5,3,NA,2026-07-12T04:37:00Z,2026-07-12T03:24:00Z,NA,80-90-80-100,3
F168,SH2607,SH2607_F168,NA,20260711,7,80,ONSHORE,100,80-100,22:31:00,32.8175,-123.9041,80,100,80-100,20260711,23:02:00,32.8175,-123.9041,0,21.5,31,0.69,MOSAIC-E,,OFFSHORE,NVP,,FALSE,FALSE,FALSE,FALSE,FALSE,FALSE,FALSE,FALSE,FALSE,FALSE,FALSE,FALSE,FALSE,NA,,"shrimp, lobster",NA,NA,NA,NA,5,3,NA,2026-07-12T06:02:00Z,2026-07-12T05:31:00Z,NA,80-100-80-100,1
F169,SH2607,SH2607_F169,NA,20260712,7,80,ONSHORE,100,80-100,00:20:00,32.8335,-123.9066,76.7,90,76.7-90,20260712,01:36:00,33.0303,-123.842,22646.543775677896,24.5,76,0.32,MOSAIC-B,first hour,OFFSHORE,EGC,,FALSE,FALSE,FALSE,FALSE,FALSE,FALSE,FALSE,FALSE,FALSE,FALSE,FALSE,FALSE,FALSE,NA,,cod,NA,NA,NA,NA,5,3,NA,2026-07-12T08:36:00Z,2026-07-12T07:20:00Z,NA,80-100-76.7-90,4
F170,SH2607,SH2607_F170,NA,20260712,7,80,ONSHORE,100,80-100,01:45:00,33.0589,-123.8334,76.7,90,76.7-90,20260712,02:45:00,33.2107,-123.7877,17367.318796834796,28,60,0.47,MOSAIC-B,second hour,OFFSHORE,EGC,,FALSE,FALSE,FALSE,FALSE,FALSE,FALSE,FALSE,FALSE,FALSE,FALSE,FALSE,FALSE,FALSE,NA,,cod,NA,NA,NA,NA,5,3,NA,2026-07-12T09:45:00Z,2026-07-12T08:45:00Z,NA,80-100-76.7-90,4
F171,SH2607,SH2607_F171,NA,20260712,7,80,ONSHORE,100,80-100,02:45:00,33.2107,-123.7877,76.7,90,76.7-90,20260712,03:58:00,33.4081,-123.7277,22595.38748491148,12.5,73,0.17,MOSAIC-B,third hour,OFFSHORE,EGC,,FALSE,FALSE,FALSE,FALSE,FALSE,FALSE,FALSE,FALSE,FALSE,FALSE,FALSE,FALSE,FALSE,NA,,cod,NA,NA,NA,NA,5,3,NA,2026-07-12T10:58:00Z,2026-07-12T09:45:00Z,NA,80-100-76.7-90,4
F172,SH2607,SH2607_F172,NA,20260712,7,80,ONSHORE,100,80-100,03:58:00,33.4081,-123.7277,76.7,90,76.7-90,20260712,06:03:00,33.719,-123.6326,35596.019628921604,26.5,125,0.21,MOSAIC-B,last hour,OFFSHORE,EGC,,FALSE,FALSE,FALSE,FALSE,FALSE,FALSE,FALSE,FALSE,FALSE,FALSE,FALSE,FALSE,FALSE,NA,long two hour transect because i missed the one hour mark and wanted to finish the transect,cod,NA,NA,NA,NA,5,3,NA,2026-07-12T13:03:00Z,2026-07-12T10:58:00Z,NA,80-100-76.7-90,4
F173,SH2607,SH2607_F173,NA,20260712,7,NA,ONSHORE,NA,NA-NA,05:50:00,NA,NA,NA,NA,NA-NA,20260712,06:23:00,NA,NA,NA,3,33,0.09,NEG,negative control,OFFSHORE,EGC,,FALSE,FALSE,FALSE,FALSE,FALSE,FALSE,FALSE,FALSE,FALSE,FALSE,FALSE,FALSE,FALSE,NA,,cod,NA,NA,NA,NA,5,3,NA,2026-07-12T13:23:00Z,2026-07-12T12:50:00Z,NA,NA-NA-NA-NA,5
F174,SH2607,SH2607_F174,NA,20260712,7,76.7,ONSHORE,90,76.7-90,06:17:00,33.7183,-123.6345,76.7,90,76.7-90,20260712,06:30:00,33.7183,-123.6364,176.10839321714775,29.5,13,2.27,MOSAIC-E,on station,OFFSHORE,EGC,,FALSE,FALSE,FALSE,FALSE,FALSE,FALSE,FALSE,FALSE,FALSE,FALSE,FALSE,FALSE,FALSE,NA,,cod,NA,NA,NA,NA,5,3,NA,2026-07-12T13:30:00Z,2026-07-12T13:17:00Z,NA,76.7-90-76.7-90,1
F175,SH2607,SH2607_F175,NA,20260712,7,76.7,ONSHORE,90,76.7-90,07:30:00,33.7418,-123.6337,76.7,80,76.7-80,20260712,08:22:00,33.8074,-123.4654,17203.78003276694,16.5,52,0.32,MOSAIC-B,first hour,OFFSHORE,EGC,,FALSE,FALSE,FALSE,FALSE,FALSE,FALSE,FALSE,FALSE,FALSE,FALSE,FALSE,FALSE,FALSE,NA,,cod,NA,NA,NA,NA,5,3,NA,2026-07-12T15:22:00Z,2026-07-12T14:30:00Z,NA,76.7-90-76.7-80,4
F176,SH2607,SH2607_F176,NA,20260712,7,76.7,ONSHORE,90,76.7-90,08:22:00,33.8074,-123.4654,76.7,80,76.7-80,20260712,09:25:00,33.8949,-123.2744,20165.427743753353,12.5,63,0.2,MOSAIC-B,second hour,OFFSHORE,EGC,,FALSE,FALSE,FALSE,FALSE,FALSE,FALSE,FALSE,FALSE,FALSE,FALSE,FALSE,FALSE,FALSE,NA,huge bubble covering 50 percent of filter,cod,NA,NA,NA,NA,5,3,NA,2026-07-12T16:25:00Z,2026-07-12T15:22:00Z,NA,76.7-90-76.7-80,4
F177,SH2607,SH2607_F177,NA,20260712,7,76.7,ONSHORE,90,76.7-90,09:25:00,33.8949,-123.2744,76.7,80,76.7-80,20260712,10:18:00,33.9725,-123.1133,17202.964813269984,9,53,0.17,MOSAIC-B,third hour,OFFSHORE,EGC,,FALSE,FALSE,FALSE,FALSE,FALSE,FALSE,FALSE,FALSE,FALSE,FALSE,FALSE,FALSE,FALSE,NA,suspiciously light,cod,NA,NA,NA,NA,5,3,NA,2026-07-12T17:18:00Z,2026-07-12T16:25:00Z,NA,76.7-90-76.7-80,4
F178,SH2607,SH2607_F178,NA,20260712,7,76.7,ONSHORE,90,76.7-90,10:18:00,33.9725,-123.1133,76.7,80,76.7-80,20260712,11:19:00,34.0515,-122.9328,18835.618939871416,26.5,61,0.43,MOSAIC-B,last hour,OFFSHORE,EGC,,FALSE,FALSE,FALSE,FALSE,FALSE,FALSE,FALSE,FALSE,FALSE,FALSE,FALSE,FALSE,FALSE,NA,,cod,NA,NA,NA,NA,5,3,NA,2026-07-12T18:19:00Z,2026-07-12T17:18:00Z,NA,76.7-90-76.7-80,4
F179,SH2607,SH2607_F179,NA,20260712,7,76.7,ONSHORE,80,76.7-80,11:19:00,34.0515,-122.9328,76.7,80,76.7-80,20260712,11:32:00,34.0512,-122.9337,89.51169706114584,20,13,1.54,MOSAIC-E,on station,OFFSHORE,EGC,,FALSE,FALSE,FALSE,FALSE,FALSE,FALSE,FALSE,FALSE,FALSE,FALSE,FALSE,FALSE,FALSE,NA,carboy overflow,cod,NA,NA,NA,NA,5,3,NA,2026-07-12T18:32:00Z,2026-07-12T18:19:00Z,NA,76.7-80-76.7-80,1
F180,SH2607,SH2607_F180,NA,20260712,7,76.7,ONSHORE,80,76.7-80,13:50:00,34.0819,-122.902,76.7,70,76.7-70,20260712,14:50:00,34.1637,-122.7149,19499.946016835285,29.5,60,0.49,MOSAIC-B,,OFFSHORE,NVP,,FALSE,FALSE,FALSE,FALSE,FALSE,FALSE,FALSE,FALSE,FALSE,FALSE,FALSE,FALSE,FALSE,NA,,cod,NA,NA,NA,NA,5,3,NA,2026-07-12T21:50:00Z,2026-07-12T20:50:00Z,NA,76.7-80-76.7-70,3
F181,SH2607,SH2607_F181,NA,20260712,7,76.7,ONSHORE,80,76.7-80,14:56:00,34.1737,-122.6945,76.7,70,76.7-70,20260712,16:05:00,34.2732,-122.4875,22036.669039814187,15,69,0.22,MOSAIC-B,,OFFSHORE,NVP,,FALSE,FALSE,FALSE,FALSE,FALSE,FALSE,FALSE,FALSE,FALSE,FALSE,FALSE,FALSE,FALSE,NA,,cod,NA,NA,NA,NA,5,3,NA,2026-07-12T23:05:00Z,2026-07-12T21:56:00Z,NA,76.7-80-76.7-70,3
F182,SH2607,SH2607_F182,NA,20260712,7,76.7,ONSHORE,80,76.7-80,16:06:00,34.2732,-122.4875,76.7,70,76.7-70,20260712,17:05:00,34.3538,-122.3205,17782.4690591325,20,59,0.34,MOSAIC-B,,OFFSHORE,NVP,,FALSE,FALSE,FALSE,FALSE,FALSE,FALSE,FALSE,FALSE,FALSE,FALSE,FALSE,FALSE,FALSE,NA,,cod,NA,NA,NA,NA,5,3,NA,2026-07-13T00:05:00Z,2026-07-12T23:06:00Z,NA,76.7-80-76.7-70,3
F183,SH2607,SH2607_F183,NA,20260712,7,76.7,ONSHORE,70,76.7-70,17:42:00,34.3885,-122.247,76.7,70,76.7-70,20260712,18:18:00,34.3885,-122.247,6.240765193333215e-11,10.5,36,0.29,MOSAIC-E,,OFFSHORE,NVP,,FALSE,FALSE,FALSE,FALSE,FALSE,FALSE,FALSE,FALSE,FALSE,FALSE,FALSE,FALSE,FALSE,NA,,cod,NA,NA,NA,NA,5,3,NA,2026-07-13T01:18:00Z,2026-07-13T00:42:00Z,NA,76.7-70-76.7-70,1
F184,SH2607,SH2607_F184,NA,20260712,7,76.7,ONSHORE,70,76.7-70,19:28:00,34.4259,-122.2017,76.7,60,76.7-60,20260712,20:22:00,34.4988,-122.0285,17850.689225799244,25,54,0.46,MOSAIC-B,,OFFSHORE,NVP,,FALSE,FALSE,FALSE,FALSE,FALSE,FALSE,FALSE,FALSE,FALSE,FALSE,FALSE,FALSE,FALSE,NA,,cod,NA,NA,NA,NA,5,3,NA,2026-07-13T03:22:00Z,2026-07-13T02:28:00Z,NA,76.7-70-76.7-60,3
F185,SH2607,SH2607_F185,NA,20260712,7,76.7,ONSHORE,70,76.7-70,20:24:00,34.4988,-122.0285,76.7,60,76.7-60,20260712,21:29:00,34.5881,-121.8272,20965.740137287165,28,65,0.43,MOSAIC-B,,OFFSHORE,NVP,,FALSE,FALSE,FALSE,FALSE,FALSE,FALSE,FALSE,FALSE,FALSE,FALSE,FALSE,FALSE,FALSE,NA,,cod,NA,NA,NA,NA,5,3,NA,2026-07-13T04:29:00Z,2026-07-13T03:24:00Z,NA,76.7-70-76.7-60,3
F186,SH2607,SH2607_F186,NA,20260712,7,76.7,ONSHORE,70,76.7-70,21:32:00,34.5881,-121.8272,76.7,60,76.7-60,20260712,22:25:00,34.6606,-121.6757,16053.102007548032,22.5,53,0.42,MOSAIC-B,,OFFSHORE,NVP,,FALSE,FALSE,FALSE,FALSE,FALSE,FALSE,FALSE,FALSE,FALSE,FALSE,FALSE,FALSE,FALSE,NA,,cod,NA,NA,NA,NA,5,3,NA,2026-07-13T05:25:00Z,2026-07-13T04:32:00Z,NA,76.7-70-76.7-60,3
F187,SH2607,SH2607_F187,NA,20260712,7,76.7,ONSHORE,60,76.7-60,23:14:00,34.7226,-121.5637,76.7,60,76.7-60,20260713,00:22:00,34.7226,-121.5637,0,7.5,68,0.11,MOSAIC-E,on station,OFFSHORE,NVP/EGC,,FALSE,FALSE,FALSE,FALSE,FALSE,FALSE,FALSE,FALSE,FALSE,FALSE,FALSE,FALSE,FALSE,NA,,,NA,NA,NA,NA,5,3,NA,2026-07-13T07:22:00Z,2026-07-13T06:14:00Z,NA,76.7-60-76.7-60,1
F188,SH2607,SH2607_F188,NA,20260713,7,76.7,ONSHORE,60,76.7-60,00:40:00,34.7274,-121.5571,76.7,55,76.7-55,20260713,01:46:00,34.8099,-121.3628,20003.58111755304,11.5,66,0.17,MOSAIC-B,first hour,OFFSHORE,EGC,,FALSE,FALSE,FALSE,FALSE,FALSE,FALSE,FALSE,FALSE,FALSE,FALSE,FALSE,FALSE,FALSE,NA,so juicy it turned the forceps brown. clogged.,,NA,NA,NA,NA,5,3,NA,2026-07-13T08:46:00Z,2026-07-13T07:40:00Z,NA,76.7-60-76.7-55,2
F189,SH2607,SH2607_F189,NA,20260713,7,76.7,ONSHORE,60,76.7-60,01:56:00,34.8253,-121.3304,76.7,55,76.7-55,20260713,02:49:00,34.8888,-121.2001,13842.140963090233,15.5,53,0.29,MOSAIC-B,last hour,OFFSHORE,EGC,,FALSE,FALSE,FALSE,FALSE,FALSE,FALSE,FALSE,FALSE,FALSE,FALSE,FALSE,FALSE,FALSE,NA,includes some of the station,,NA,NA,NA,NA,5,3,NA,2026-07-13T09:49:00Z,2026-07-13T08:56:00Z,NA,76.7-60-76.7-55,2
F190,SH2607,SH2607_F190,NA,20260713,7,76.7,ONSHORE,55,76.7-55,02:49:00,34.8888,-121.2001,76.7,55,76.7-55,20260713,03:12:00,34.888,-121.2037,340.8406050352271,20.5,23,0.89,MOSAIC-E,on station,ONSHORE,EGC,,FALSE,FALSE,FALSE,FALSE,FALSE,FALSE,FALSE,FALSE,FALSE,FALSE,FALSE,FALSE,FALSE,NA,gross and slimy,,NA,NA,NA,NA,5,3,NA,2026-07-13T10:12:00Z,2026-07-13T09:49:00Z,NA,76.7-55-76.7-55,1
F191,SH2607,SH2607_F191,NA,20260713,7,76.7,ONSHORE,55,76.7-55,04:16:00,34.9079,-121.2087,76.7,51,76.7-51,20260713,05:58:00,35.0209,-120.9179,29368.142394343435,47.75,102,0.47,MOSAIC-B,full transect,ONSHORE,EGC,,FALSE,FALSE,FALSE,FALSE,FALSE,FALSE,FALSE,FALSE,FALSE,FALSE,FALSE,FALSE,FALSE,NA,gross and slimy,,NA,NA,NA,NA,5,3,NA,2026-07-13T12:58:00Z,2026-07-13T11:16:00Z,NA,76.7-55-76.7-51,1
F192,SH2607,SH2607_F192,NA,20260713,7,76.7,ONSHORE,51,76.7-51,06:00:00,35.0209,-120.9179,76.7,51,76.7-51,20260713,06:13:00,35.0184,-120.9187,286.80172074263265,20,13,1.54,MOSAIC-E,on station,ONSHORE,EGC,,FALSE,FALSE,FALSE,FALSE,FALSE,FALSE,FALSE,FALSE,FALSE,FALSE,FALSE,FALSE,FALSE,NA,dropped folded filter on shop towel,,NA,NA,NA,NA,5,3,NA,2026-07-13T13:13:00Z,2026-07-13T13:00:00Z,NA,76.7-51-76.7-51,1
F193,SH2607,SH2607_F193,NA,20260713,7,76.7,ONSHORE,49,76.7-49,08:03:00,35.0883,-120.7783,76.7,49,76.7-49,20260713,08:21:00,35.0902,-120.7861,741.850928138274,15,18,0.83,MOSAIC-E,on station,ONSHORE,EGC,,FALSE,FALSE,FALSE,FALSE,FALSE,FALSE,FALSE,FALSE,FALSE,FALSE,FALSE,FALSE,FALSE,NA,dropped swinnex in drip bucket. gross and slimy.,,NA,NA,NA,NA,5,3,NA,2026-07-13T15:21:00Z,2026-07-13T15:03:00Z,NA,76.7-49-76.7-49,1
